Date;Value
2008-01-01;341
2008-01-02;350
2008-01-03;361
2008-01-04;367
2008-01-05;364
2008-01-06;362
2008-01-07;352
2008-01-08;347
2008-01-09;345
2008-01-10;343
2008-01-11;347
2008-01-12;347
2008-01-13;349
2008-01-14;351
2008-01-15;355
2008-01-16;360
2008-01-17;362
2008-01-18;362
2008-01-19;360
2008-01-20;357
2008-01-21;352
2008-01-22;350
2008-01-23;345
2008-01-24;342
2008-01-25;338
2008-01-26;337
2008-01-27;337
2008-01-28;337
2008-01-29;337
2008-01-30;337
2008-01-31;339
2008-02-01;337
2008-02-02;331
2008-02-03;327
2008-02-04;324
2008-02-05;324
2008-02-06;319
2008-02-07;319
2008-02-08;325
2008-02-09;331
2008-02-10;334
2008-02-11;336
2008-02-12;338
2008-02-13;341
2008-02-14;343
2008-02-15;343
2008-02-16;344
2008-02-17;345
2008-02-18;346
2008-02-19;346
2008-02-20;339
2008-02-21;336
2008-02-22;333
2008-02-23;331
2008-02-24;329
2008-02-25;327
2008-02-26;336
2008-02-27;340
2008-02-28;342
2008-02-29;343
2008-03-01;343
2008-03-02;343
2008-03-03;342
2008-03-04;341
2008-03-05;340
2008-03-06;337
2008-03-07;332
2008-03-08;328
2008-03-09;326
2008-03-10;325
2008-03-11;323
2008-03-12;323
2008-03-13;325
2008-03-14;327
2008-03-15;329
2008-03-16;331
2008-03-17;330
2008-03-18;327
2008-03-19;336
2008-03-20;341
2008-03-21;336
2008-03-22;332
2008-03-23;329
2008-03-24;332
2008-03-25;330
2008-03-26;337
2008-03-27;340
2008-03-28;342
2008-03-29;344
2008-03-30;346
2008-03-31;347
2008-04-01;356
2008-04-02;356
2008-04-03;355
2008-04-04;349
2008-04-05;342
2008-04-06;340
2008-04-07;338
2008-04-08;340
2008-04-09;343
2008-04-10;346
2008-04-11;349
2008-04-12;354
2008-04-13;352
2008-04-14;345
2008-04-15;344
2008-04-16;347
2008-04-17;360
2008-04-18;382
2008-04-19;373
2008-04-20;364
2008-04-21;298
2008-04-22;288
2008-04-23;278
2008-04-24;255
2008-04-25;231
2008-04-26;214
2008-04-27;210
2008-04-28;218
2008-04-29;223
2008-04-30;230
2008-05-01;230
2008-05-02;235
2008-05-03;243
2008-05-04;247
2008-05-05;249
2008-05-06;256
2008-05-07;261
2008-05-08;267
2008-05-09;272
2008-05-10;281
2008-05-11;289
2008-05-12;299
2008-05-13;301
2008-05-14;295
2008-05-15;293
2008-05-16;290
2008-05-17;285
2008-05-18;283
2008-05-19;282
2008-05-20;292
2008-05-21;299
2008-05-22;301
2008-05-23;303
2008-05-24;309
2008-05-25;304
2008-05-26;295
2008-05-27;280
2008-05-28;271
2008-05-29;265
2008-05-30;256
2008-05-31;251
2008-06-01;254
2008-06-02;257
2008-06-03;255
2008-06-04;248
2008-06-05;248
2008-06-06;253
2008-06-07;259
2008-06-08;259
2008-06-09;256
2008-06-10;252
2008-06-11;247
2008-06-12;247
2008-06-13;249
2008-06-14;251
2008-06-15;253
2008-06-16;257
2008-06-17;255
2008-06-18;248
2008-06-19;241
2008-06-20;234
2008-06-21;229
2008-06-22;221
2008-06-23;214
2008-06-24;210
2008-06-25;209
2008-06-26;219
2008-06-27;226
2008-06-28;216
2008-06-29;212
2008-06-30;208
2008-07-01;202
2008-07-02;196
2008-07-03;201
2008-07-04;203
2008-07-05;201
2008-07-06;197
2008-07-07;194
2008-07-08;196
2008-07-09;203
2008-07-10;219
2008-07-11;277
2008-07-12;367
2008-07-13;455
2008-07-14;491
2008-07-15;480
2008-07-16;418
2008-07-17;372
2008-07-18;353
2008-07-19;345
2008-07-20;335
2008-07-21;326
2008-07-22;316
2008-07-23;297
2008-07-24;286
2008-07-25;270
2008-07-26;263
2008-07-27;271
2008-07-28;278
2008-07-29;291
2008-07-30;309
2008-07-31;316
2008-08-01;312
2008-08-02;316
2008-08-03;346
2008-08-04;398
2008-08-05;394
2008-08-06;379
2008-08-07;386
2008-08-08;388
2008-08-09;387
2008-08-10;384
2008-08-11;375
2008-08-12;367
2008-08-13;355
2008-08-14;341
2008-08-15;342
2008-08-16;346
2008-08-17;336
2008-08-18;330
2008-08-19;319
2008-08-20;311
2008-08-21;306
2008-08-22;303
2008-08-23;302
2008-08-24;298
2008-08-25;291
2008-08-26;284
2008-08-27;278
2008-08-28;274
2008-08-29;274
2008-08-30;283
2008-08-31;289
2008-09-01;287
2008-09-02;279
2008-09-03;273
2008-09-04;272
2008-09-05;274
2008-09-06;282
2008-09-07;292
2008-09-08;301
2008-09-09;296
2008-09-10;292
2008-09-11;300
2008-09-12;320
2008-09-13;332
2008-09-14;332
2008-09-15;326
2008-09-16;319
2008-09-17;323
2008-09-18;335
2008-09-19;339
2008-09-20;347
2008-09-21;372
2008-09-22;391
2008-09-23;404
2008-09-24;395
2008-09-25;381
2008-09-26;362
2008-09-27;352
2008-09-28;352
2008-09-29;355
2008-09-30;375
2008-10-01;368
2008-10-02;360
2008-10-03;352
2008-10-04;340
2008-10-05;324
2008-10-06;315
2008-10-07;304
2008-10-08;294
2008-10-09;286
2008-10-10;280
2008-10-11;274
2008-10-12;272
2008-10-13;288
2008-10-14;287
2008-10-15;284
2008-10-16;281
2008-10-17;278
2008-10-18;275
2008-10-19;270
2008-10-20;260
2008-10-21;250
2008-10-22;256
2008-10-23;259
2008-10-24;262
2008-10-25;266
2008-10-26;267
2008-10-27;267
2008-10-28;259
2008-10-29;263
2008-10-30;284
2008-10-31;292
2008-11-01;295
2008-11-02;291
2008-11-03;268
2008-11-04;257
2008-11-05;250
2008-11-06;257
2008-11-07;257
2008-11-08;265
2008-11-09;263
2008-11-10;265
2008-11-11;265
2008-11-12;255
2008-11-13;250
2008-11-14;248
2008-11-15;237
2008-11-16;229
2008-11-17;225
2008-11-18;227
2008-11-19;225
2008-11-20;214
2008-11-21;210
2008-11-22;215
2008-11-23;216
2008-11-24;220
2008-11-25;231
2008-11-26;236
2008-11-27;240
2008-11-28;243
2008-11-29;249
2008-11-30;254
2008-12-01;260
2008-12-02;267
2008-12-03;268
2008-12-04;269
2008-12-05;258
2008-12-06;264
2008-12-07;270
2008-12-08;347
2008-12-09;347
2008-12-10;345
2008-12-11;336
2008-12-12;336
2008-12-13;339
2008-12-14;341
2008-12-15;346
2008-12-16;354
2008-12-17;356
2008-12-18;352
2008-12-19;347
2008-12-20;347
2008-12-21;347
2008-12-22;349
2008-12-23;352
2008-12-24;350
2008-12-25;349
2008-12-26;348
2008-12-27;347
2008-12-28;346
2008-12-29;345
2008-12-30;345
2008-12-31;343
2009-01-01;341
2009-01-02;340
2009-01-03;338
2009-01-04;338
2009-01-05;336
2009-01-06;331
2009-01-07;326
2009-01-08;320
2009-01-09;315
2009-01-10;314
2009-01-11;312
2009-01-12;315
2009-01-13;315
2009-01-14;314
2009-01-15;313
2009-01-16;314
2009-01-17;315
2009-01-18;309
2009-01-19;305
2009-01-20;300
2009-01-21;299
2009-01-22;299
2009-01-23;296
2009-01-24;293
2009-01-25;292
2009-01-26;296
2009-01-27;301
2009-01-28;307
2009-01-29;307
2009-01-30;309
2009-01-31;310
2009-02-01;310
2009-02-02;310
2009-02-03;315
2009-02-04;313
2009-02-05;311
2009-02-06;309
2009-02-07;308
2009-02-08;308
2009-02-09;309
2009-02-10;310
2009-02-11;310
2009-02-12;310
2009-02-13;309
2009-02-14;306
2009-02-15;306
2009-02-16;308
2009-02-17;311
2009-02-18;311
2009-02-19;312
2009-02-20;309
2009-02-21;311
2009-02-22;313
2009-02-23;316
2009-02-24;321
2009-02-25;321
2009-02-26;320
2009-02-27;317
2009-02-28;316
2009-03-01;315
2009-03-02;315
2009-03-03;319
2009-03-04;322
2009-03-05;320
2009-03-06;315
2009-03-07;314
2009-03-08;314
2009-03-09;318
2009-03-10;322
2009-03-11;325
2009-03-12;327
2009-03-13;331
2009-03-14;333
2009-03-15;336
2009-03-16;334
2009-03-17;340
2009-03-18;346
2009-03-19;350
2009-03-20;344
2009-03-21;339
2009-03-22;337
2009-03-23;335
2009-03-24;333
2009-03-25;330
2009-03-26;336
2009-03-27;336
2009-03-28;336
2009-03-29;335
2009-03-30;335
2009-03-31;333
2009-04-01;330
2009-04-02;330
2009-04-03;332
2009-04-04;338
2009-04-05;338
2009-04-06;326
2009-04-07;319
2009-04-08;308
2009-04-09;306
2009-04-10;306
2009-04-11;308
2009-04-12;323
2009-04-13;330
2009-04-14;343
2009-04-15;346
2009-04-16;347
2009-04-17;352
2009-04-18;366
2009-04-19;379
2009-04-20;385
2009-04-21;393
2009-04-22;397
2009-04-23;399
2009-04-24;408
2009-04-25;395
2009-04-26;337
2009-04-27;285
2009-04-28;287
2009-04-29;357
2009-04-30;375
2009-05-01;350
2009-05-02;352
2009-05-03;381
2009-05-04;391
2009-05-05;405
2009-05-06;425
2009-05-07;448
2009-05-08;475
2009-05-09;482
2009-05-10;477
2009-05-11;452
2009-05-12;447
2009-05-13;440
2009-05-14;415
2009-05-15;394
2009-05-16;376
2009-05-17;367
2009-05-18;376
2009-05-19;359
2009-05-20;340
2009-05-21;334
2009-05-22;341
2009-05-23;377
2009-05-24;399
2009-05-25;397
2009-05-26;382
2009-05-27;387
2009-05-28;372
2009-05-29;345
2009-05-30;337
2009-05-31;332
2009-06-01;331
2009-06-02;321
2009-06-03;320
2009-06-04;332
2009-06-05;345
2009-06-06;347
2009-06-07;351
2009-06-08;355
2009-06-09;344
2009-06-10;339
2009-06-11;337
2009-06-12;337
2009-06-13;339
2009-06-14;359
2009-06-15;374
2009-06-16;378
2009-06-17;379
2009-06-18;371
2009-06-19;365
2009-06-20;355
2009-06-21;345
2009-06-22;340
2009-06-23;341
2009-06-24;367
2009-06-25;397
2009-06-26;410
2009-06-27;402
2009-06-28;392
2009-06-29;377
2009-06-30;369
2009-07-01;353
2009-07-02;341
2009-07-03;334
2009-07-04;324
2009-07-05;316
2009-07-06;310
2009-07-07;301
2009-07-08;298
2009-07-09;297
2009-07-10;298
2009-07-11;301
2009-07-12;310
2009-07-13;329
2009-07-14;337
2009-07-15;334
2009-07-16;324
2009-07-17;310
2009-07-18;308
2009-07-19;305
2009-07-20;299
2009-07-21;288
2009-07-22;290
2009-07-23;298
2009-07-24;310
2009-07-25;318
2009-07-26;330
2009-07-27;340
2009-07-28;326
2009-07-29;316
2009-07-30;304
2009-07-31;290
2009-08-01;286
2009-08-02;292
2009-08-03;299
2009-08-04;295
2009-08-05;291
2009-08-06;298
2009-08-07;302
2009-08-08;308
2009-08-09;317
2009-08-10;327
2009-08-11;342
2009-08-12;342
2009-08-13;339
2009-08-14;334
2009-08-15;325
2009-08-16;328
2009-08-17;375
2009-08-18;405
2009-08-19;399
2009-08-20;366
2009-08-21;350
2009-08-22;341
2009-08-23;340
2009-08-24;342
2009-08-25;355
2009-08-26;361
2009-08-27;354
2009-08-28;345
2009-08-29;329
2009-08-30;326
2009-08-31;347
2009-09-01;363
2009-09-02;377
2009-09-03;378
2009-09-04;376
2009-09-05;366
2009-09-06;356
2009-09-07;350
2009-09-08;356
2009-09-09;423
2009-09-10;442
2009-09-11;473
2009-09-12;513
2009-09-13;537
2009-09-14;549
2009-09-15;540
2009-09-16;507
2009-09-17;470
2009-09-18;450
2009-09-19;415
2009-09-20;410
2009-09-21;410
2009-09-22;406
2009-09-23;400
2009-09-24;385
2009-09-25;372
2009-09-26;366
2009-09-27;379
2009-09-28;389
2009-09-29;402
2009-09-30;411
2009-10-01;409
2009-10-02;392
2009-10-03;383
2009-10-04;376
2009-10-05;367
2009-10-06;367
2009-10-07;366
2009-10-08;362
2009-10-09;356
2009-10-10;352
2009-10-11;350
2009-10-12;350
2009-10-13;349
2009-10-14;348
2009-10-15;344
2009-10-16;341
2009-10-17;334
2009-10-18;328
2009-10-19;321
2009-10-20;312
2009-10-21;296
2009-10-22;290
2009-10-23;289
2009-10-24;289
2009-10-25;287
2009-10-26;276
2009-10-27;265
2009-10-28;259
2009-10-29;259
2009-10-30;257
2009-10-31;254
2009-11-01;249
2009-11-02;250
2009-11-03;262
2009-11-04;278
2009-11-05;278
2009-11-06;276
2009-11-07;268
2009-11-08;262
2009-11-09;254
2009-11-10;250
2009-11-11;253
2009-11-12;253
2009-11-13;239
2009-11-14;226
2009-11-15;224
2009-11-16;234
2009-11-17;245
2009-11-18;261
2009-11-19;267
2009-11-20;268
2009-11-21;279
2009-11-22;280
2009-11-23;268
2009-11-24;260
2009-11-25;247
2009-11-26;238
2009-11-27;236
2009-11-28;235
2009-11-29;245
2009-11-30;294
2009-12-01;347
2009-12-02;347
2009-12-03;343
2009-12-04;343
2009-12-05;343
2009-12-06;344
2009-12-07;347
2009-12-08;359
2009-12-09;374
2009-12-10;377
2009-12-11;379
2009-12-12;386
2009-12-13;388
2009-12-14;386
2009-12-15;386
2009-12-16;379
2009-12-17;369
2009-12-18;359
2009-12-19;359
2009-12-20;356
2009-12-21;354
2009-12-22;352
2009-12-23;352
2009-12-24;352
2009-12-25;350
2009-12-26;359
2009-12-27;375
2009-12-28;376
2009-12-29;377
2009-12-30;378
2009-12-31;378
2010-01-01;376
2010-01-02;375
2010-01-03;373
2010-01-04;373
2010-01-05;373
2010-01-06;373
2010-01-07;369
2010-01-08;367
2010-01-09;367
2010-01-10;367
2010-01-11;367
2010-01-12;364
2010-01-13;361
2010-01-14;358
2010-01-15;357
2010-01-16;354
2010-01-17;354
2010-01-18;358
2010-01-19;364
2010-01-20;366
2010-01-21;364
2010-01-22;362
2010-01-23;359
2010-01-24;356
2010-01-25;351
2010-01-26;348
2010-01-27;344
2010-01-28;340
2010-01-29;337
2010-01-30;335
2010-01-31;333
2010-02-01;328
2010-02-02;323
2010-02-03;321
2010-02-04;320
2010-02-05;320
2010-02-06;320
2010-02-07;324
2010-02-08;327
2010-02-09;332
2010-02-10;332
2010-02-11;327
2010-02-12;324
2010-02-13;320
2010-02-14;319
2010-02-15;322
2010-02-16;323
2010-02-17;320
2010-02-18;320
2010-02-19;320
2010-02-20;319
2010-02-21;319
2010-02-22;319
2010-02-23;319
2010-02-24;318
2010-02-25;318
2010-02-26;319
2010-02-27;322
2010-02-28;324
2010-03-01;320
2010-03-02;317
2010-03-03;317
2010-03-04;317
2010-03-05;317
2010-03-06;317
2010-03-07;318
2010-03-08;319
2010-03-09;320
2010-03-10;321
2010-03-11;319
2010-03-12;318
2010-03-13;318
2010-03-14;316
2010-03-15;314
2010-03-16;313
2010-03-17;309
2010-03-18;309
2010-03-19;317
2010-03-20;322
2010-03-21;322
2010-03-22;320
2010-03-23;319
2010-03-24;319
2010-03-25;318
2010-03-26;317
2010-03-27;317
2010-03-28;316
2010-03-29;316
2010-03-30;319
2010-03-31;323
2010-04-01;325
2010-04-02;328
2010-04-03;329
2010-04-04;331
2010-04-05;332
2010-04-06;336
2010-04-07;323
2010-04-08;299
2010-04-09;294
2010-04-10;278
2010-04-11;275
2010-04-12;275
2010-04-13;275
2010-04-14;275
2010-04-15;276
2010-04-16;280
2010-04-17;288
2010-04-18;307
2010-04-19;349
2010-04-20;354
2010-04-21;367
2010-04-22;376
2010-04-23;382
2010-04-24;389
2010-04-25;392
2010-04-26;393
2010-04-27;390
2010-04-28;363
2010-04-29;342
2010-04-30;329
2010-05-01;326
2010-05-02;329
2010-05-03;331
2010-05-04;333
2010-05-05;327
2010-05-06;326
2010-05-07;322
2010-05-08;322
2010-05-09;339
2010-05-10;345
2010-05-11;345
2010-05-12;331
2010-05-13;321
2010-05-14;311
2010-05-15;308
2010-05-16;304
2010-05-17;298
2010-05-18;294
2010-05-19;292
2010-05-20;312
2010-05-21;326
2010-05-22;334
2010-05-23;344
2010-05-24;385
2010-05-25;477
2010-05-26;527
2010-05-27;544
2010-05-28;535
2010-05-29;519
2010-05-30;484
2010-05-31;456
2010-06-01;422
2010-06-02;410
2010-06-03;416
2010-06-04;417
2010-06-05;419
2010-06-06;415
2010-06-07;391
2010-06-08;358
2010-06-09;350
2010-06-10;344
2010-06-11;338
2010-06-12;334
2010-06-13;336
2010-06-14;370
2010-06-15;377
2010-06-16;375
2010-06-17;364
2010-06-18;359
2010-06-19;372
2010-06-20;384
2010-06-21;385
2010-06-22;362
2010-06-23;397
2010-06-24;451
2010-06-25;480
2010-06-26;493
2010-06-27;490
2010-06-28;464
2010-06-29;424
2010-06-30;407
2010-07-01;404
2010-07-02;402
2010-07-03;405
2010-07-04;406
2010-07-05;409
2010-07-06;413
2010-07-07;449
2010-07-08;475
2010-07-09;484
2010-07-10;481
2010-07-11;470
2010-07-12;446
2010-07-13;428
2010-07-14;413
2010-07-15;404
2010-07-16;397
2010-07-17;398
2010-07-18;401
2010-07-19;407
2010-07-20;417
2010-07-21;456
2010-07-22;521
2010-07-23;570
2010-07-24;606
2010-07-25;632
2010-07-26;645
2010-07-27;644
2010-07-28;622
2010-07-29;565
2010-07-30;520
2010-07-31;505
2010-08-01;486
2010-08-02;494
2010-08-03;498
2010-08-04;492
2010-08-05;475
2010-08-06;460
2010-08-07;444
2010-08-08;434
2010-08-09;433
2010-08-10;437
2010-08-11;434
2010-08-12;429
2010-08-13;438
2010-08-14;456
2010-08-15;470
2010-08-16;501
2010-08-17;506
2010-08-18;487
2010-08-19;485
2010-08-20;476
2010-08-21;470
2010-08-22;474
2010-08-23;488
2010-08-24;530
2010-08-25;550
2010-08-26;551
2010-08-27;549
2010-08-28;543
2010-08-29;527
2010-08-30;487
2010-08-31;471
2010-09-01;454
2010-09-02;444
2010-09-03;439
2010-09-04;437
2010-09-05;440
2010-09-06;455
2010-09-07;455
2010-09-08;443
2010-09-09;430
2010-09-10;413
2010-09-11;397
2010-09-12;368
2010-09-13;345
2010-09-14;343
2010-09-15;334
2010-09-16;315
2010-09-17;313
2010-09-18;310
2010-09-19;309
2010-09-20;313
2010-09-21;313
2010-09-22;311
2010-09-23;314
2010-09-24;313
2010-09-25;313
2010-09-26;310
2010-09-27;309
2010-09-28;305
2010-09-29;303
2010-09-30;301
2010-10-01;290
2010-10-02;279
2010-10-03;271
2010-10-04;260
2010-10-05;254
2010-10-06;256
2010-10-07;264
2010-10-08;265
2010-10-09;265
2010-10-10;261
2010-10-11;256
2010-10-12;252
2010-10-13;255
2010-10-14;268
2010-10-15;279
2010-10-16;289
2010-10-17;300
2010-10-18;292
2010-10-19;290
2010-10-20;287
2010-10-21;284
2010-10-22;276
2010-10-23;270
2010-10-24;265
2010-10-25;266
2010-10-26;270
2010-10-27;265
2010-10-28;251
2010-10-29;242
2010-10-30;229
2010-10-31;237
2010-11-01;244
2010-11-02;246
2010-11-03;255
2010-11-04;255
2010-11-05;249
2010-11-06;247
2010-11-07;249
2010-11-08;251
2010-11-09;251
2010-11-10;250
2010-11-11;245
2010-11-12;239
2010-11-13;234
2010-11-14;230
2010-11-15;233
2010-11-16;243
2010-11-17;250
2010-11-18;250
2010-11-19;245
2010-11-20;240
2010-11-21;246
2010-11-22;260
2010-11-23;254
2010-11-24;230
2010-11-25;208
2010-11-26;215
2010-11-27;214
2010-11-28;210
2010-11-29;208
2010-11-30;200
2010-12-01;200
2010-12-02;203
2010-12-03;241
2010-12-04;278
2010-12-05;271
2010-12-06;267
2010-12-07;267
2010-12-08;270
2010-12-09;247
2010-12-10;233
2010-12-11;262
2010-12-12;325
2010-12-13;345
2010-12-14;357
2010-12-15;357
2010-12-16;347
2010-12-17;347
2010-12-18;347
2010-12-19;344
2010-12-20;344
2010-12-21;344
2010-12-22;357
2010-12-23;359
2010-12-24;355
2010-12-25;350
2010-12-26;350
2010-12-27;350
2010-12-28;355
2010-12-29;355
2010-12-30;357
2010-12-31;357
2011-01-01;355
2011-01-02;353
2011-01-03;351
2011-01-04;349
2011-01-05;347
2011-01-06;345
2011-01-07;335
2011-01-08;328
2011-01-09;325
2011-01-10;323
2011-01-11;328
2011-01-12;334
2011-01-13;333
2011-01-14;330
2011-01-15;328
2011-01-16;322
2011-01-17;327
2011-01-18;332
2011-01-19;339
2011-01-20;341
2011-01-21;335
2011-01-22;333
2011-01-23;330
2011-01-24;328
2011-01-25;325
2011-01-26;325
2011-01-27;328
2011-01-28;325
2011-01-29;324
2011-01-30;324
2011-01-31;322
2011-02-01;312
2011-02-02;299
2011-02-03;289
2011-02-04;307
2011-02-05;315
2011-02-06;316
2011-02-07;316
2011-02-08;312
2011-02-09;312
2011-02-10;310
2011-02-11;310
2011-02-12;313
2011-02-13;315
2011-02-14;317
2011-02-15;319
2011-02-16;319
2011-02-17;317
2011-02-18;315
2011-02-19;315
2011-02-20;320
2011-02-21;322
2011-02-22;320
2011-02-23;320
2011-02-24;321
2011-02-25;322
2011-02-26;321
2011-02-27;319
2011-02-28;319
2011-03-01;318
2011-03-02;316
2011-03-03;318
2011-03-04;324
2011-03-05;324
2011-03-06;315
2011-03-07;308
2011-03-08;314
2011-03-09;314
2011-03-10;315
2011-03-11;317
2011-03-12;320
2011-03-13;320
2011-03-14;322
2011-03-15;322
2011-03-16;320
2011-03-17;311
2011-03-18;301
2011-03-19;301
2011-03-20;303
2011-03-21;303
2011-03-22;299
2011-03-23;300
2011-03-24;300
2011-03-25;302
2011-03-26;303
2011-03-27;305
2011-03-28;306
2011-03-29;317
2011-03-30;315
2011-03-31;313
2011-04-01;313
2011-04-02;313
2011-04-03;315
2011-04-04;317
2011-04-05;320
2011-04-06;321
2011-04-07;319
2011-04-08;309
2011-04-09;319
2011-04-10;328
2011-04-11;336
2011-04-12;340
2011-04-13;347
2011-04-14;350
2011-04-15;350
2011-04-16;342
2011-04-17;342
2011-04-18;341
2011-04-19;323
2011-04-20;322
2011-04-21;317
2011-04-22;300
2011-04-23;295
2011-04-24;296
2011-04-25;309
2011-04-26;321
2011-04-27;326
2011-04-28;334
2011-04-29;337
2011-04-30;332
2011-05-01;319
2011-05-02;310
2011-05-03;308
2011-05-04;305
2011-05-05;306
2011-05-06;306
2011-05-07;306
2011-05-08;303
2011-05-09;291
2011-05-10;291
2011-05-11;295
2011-05-12;302
2011-05-13;304
2011-05-14;305
2011-05-15;298
2011-05-16;292
2011-05-17;282
2011-05-18;284
2011-05-19;286
2011-05-20;290
2011-05-21;293
2011-05-22;295
2011-05-23;289
2011-05-24;291
2011-05-25;296
2011-05-26;300
2011-05-27;304
2011-05-28;299
2011-05-29;284
2011-05-30;278
2011-05-31;279
2011-06-01;287
2011-06-02;308
2011-06-03;361
2011-06-04;422
2011-06-05;452
2011-06-06;499
2011-06-07;500
2011-06-08;480
2011-06-09;462
2011-06-10;450
2011-06-11;447
2011-06-12;454
2011-06-13;457
2011-06-14;452
2011-06-15;425
2011-06-16;360
2011-06-17;343
2011-06-18;336
2011-06-19;328
2011-06-20;325
2011-06-21;314
2011-06-22;286
2011-06-23;284
2011-06-24;297
2011-06-25;311
2011-06-26;316
2011-06-27;322
2011-06-28;325
2011-06-29;316
2011-06-30;310
2011-07-01;302
2011-07-02;295
2011-07-03;286
2011-07-04;277
2011-07-05;279
2011-07-06;301
2011-07-07;357
2011-07-08;375
2011-07-09;367
2011-07-10;332
2011-07-11;315
2011-07-12;296
2011-07-13;294
2011-07-14;289
2011-07-15;284
2011-07-16;278
2011-07-17;275
2011-07-18;275
2011-07-19;275
2011-07-20;274
2011-07-21;271
2011-07-22;266
2011-07-23;263
2011-07-24;262
2011-07-25;260
2011-07-26;254
2011-07-27;249
2011-07-28;247
2011-07-29;247
2011-07-30;252
2011-07-31;258
2011-08-01;260
2011-08-02;262
2011-08-03;269
2011-08-04;272
2011-08-05;254
2011-08-06;252
2011-08-07;253
2011-08-08;258
2011-08-09;263
2011-08-10;264
2011-08-11;266
2011-08-12;271
2011-08-13;276
2011-08-14;292
2011-08-15;332
2011-08-16;352
2011-08-17;379
2011-08-18;366
2011-08-19;335
2011-08-20;307
2011-08-21;290
2011-08-22;284
2011-08-23;276
2011-08-24;272
2011-08-25;271
2011-08-26;266
2011-08-27;262
2011-08-28;256
2011-08-29;254
2011-08-30;254
2011-08-31;252
2011-09-01;251
2011-09-02;250
2011-09-03;250
2011-09-04;253
2011-09-05;257
2011-09-06;280
2011-09-07;322
2011-09-08;347
2011-09-09;323
2011-09-10;310
2011-09-11;300
2011-09-12;288
2011-09-13;279
2011-09-14;282
2011-09-15;292
2011-09-16;288
2011-09-17;279
2011-09-18;274
2011-09-19;269
2011-09-20;269
2011-09-21;281
2011-09-22;290
2011-09-23;288
2011-09-24;284
2011-09-25;279
2011-09-26;277
2011-09-27;275
2011-09-28;275
2011-09-29;273
2011-09-30;273
2011-10-01;277
2011-10-02;292
2011-10-03;295
2011-10-04;291
2011-10-05;289
2011-10-06;275
2011-10-07;270
2011-10-08;266
2011-10-09;261
2011-10-10;256
2011-10-11;253
2011-10-12;249
2011-10-13;248
2011-10-14;247
2011-10-15;247
2011-10-16;248
2011-10-17;247
2011-10-18;247
2011-10-19;247
2011-10-20;238
2011-10-21;233
2011-10-22;228
2011-10-23;227
2011-10-24;223
2011-10-25;222
2011-10-26;236
2011-10-27;249
2011-10-28;252
2011-10-29;254
2011-10-30;253
2011-10-31;249
2011-11-01;248
2011-11-02;244
2011-11-03;234
2011-11-04;229
2011-11-05;226
2011-11-06;219
2011-11-07;209
2011-11-08;207
2011-11-09;205
2011-11-10;204
2011-11-11;202
2011-11-12;200
2011-11-13;199
2011-11-14;195
2011-11-15;194
2011-11-16;195
2011-11-17;193
2011-11-18;191
2011-11-19;191
2011-11-20;188
2011-11-21;185
2011-11-22;183
2011-11-23;182
2011-11-24;180
2011-11-25;181
2011-11-26;219
2011-11-27;270
2011-11-28;283
2011-11-29;286
2011-11-30;284
2011-12-01;289
2011-12-02;299
2011-12-03;305
2011-12-04;305
2011-12-05;305
2011-12-06;298
2011-12-07;296
2011-12-08;296
2011-12-09;299
2011-12-10;301
2011-12-11;303
2011-12-12;305
2011-12-13;305
2011-12-14;300
2011-12-15;295
2011-12-16;293
2011-12-17;291
2011-12-18;291
2011-12-19;290
2011-12-20;289
2011-12-21;291
2011-12-22;291
2011-12-23;293
2011-12-24;293
2011-12-25;294
2011-12-26;292
2011-12-27;289
2011-12-28;289
2011-12-29;289
2011-12-30;289
2011-12-31;289
2012-01-01;289
2012-01-02;288
2012-01-03;288
2012-01-04;288
2012-01-05;286
2012-01-06;290
2012-01-07;296
2012-01-08;296
2012-01-09;294
2012-01-10;292
2012-01-11;292
2012-01-12;292
2012-01-13;291
2012-01-14;289
2012-01-15;288
2012-01-16;293
2012-01-17;297
2012-01-18;300
2012-01-19;298
2012-01-20;294
2012-01-21;292
2012-01-22;292
2012-01-23;292
2012-01-24;292
2012-01-25;291
2012-01-26;289
2012-01-27;287
2012-01-28;288
2012-01-29;290
2012-01-30;292
2012-01-31;294
2012-02-01;292
2012-02-02;292
2012-02-03;295
2012-02-04;297
2012-02-05;297
2012-02-06;300
2012-02-07;297
2012-02-08;297
2012-02-09;295
2012-02-10;294
2012-02-11;294
2012-02-12;295
2012-02-13;298
2012-02-14;299
2012-02-15;299
2012-02-16;299
2012-02-17;297
2012-02-18;296
2012-02-19;294
2012-02-20;294
2012-02-21;295
2012-02-22;295
2012-02-23;296
2012-02-24;296
2012-02-25;296
2012-02-26;302
2012-02-27;302
2012-02-28;300
2012-02-29;298
2012-03-01;302
2012-03-02;302
2012-03-03;302
2012-03-04;300
2012-03-05;299
2012-03-06;305
2012-03-07;305
2012-03-08;305
2012-03-09;304
2012-03-10;303
2012-03-11;308
2012-03-12;312
2012-03-13;313
2012-03-14;311
2012-03-15;309
2012-03-16;311
2012-03-17;311
2012-03-18;311
2012-03-19;309
2012-03-20;309
2012-03-21;309
2012-03-22;306
2012-03-23;304
2012-03-24;303
2012-03-25;303
2012-03-26;302
2012-03-27;306
2012-03-28;306
2012-03-29;307
2012-03-30;308
2012-03-31;312
2012-04-01;314
2012-04-02;315
2012-04-03;309
2012-04-04;308
2012-04-05;304
2012-04-06;296
2012-04-07;291
2012-04-08;287
2012-04-09;282
2012-04-10;294
2012-04-11;329
2012-04-12;333
2012-04-13;334
2012-04-14;334
2012-04-15;331
2012-04-16;325
2012-04-17;316
2012-04-18;316
2012-04-19;314
2012-04-20;316
2012-04-21;317
2012-04-22;318
2012-04-23;321
2012-04-24;324
2012-04-25;323
2012-04-26;280
2012-04-27;251
2012-04-28;248
2012-04-29;268
2012-04-30;401
2012-05-01;452
2012-05-02;490
2012-05-03;486
2012-05-04;451
2012-05-05;432
2012-05-06;412
2012-05-07;400
2012-05-08;392
2012-05-09;384
2012-05-10;388
2012-05-11;385
2012-05-12;368
2012-05-13;357
2012-05-14;338
2012-05-15;322
2012-05-16;318
2012-05-17;315
2012-05-18;305
2012-05-19;285
2012-05-20;284
2012-05-21;297
2012-05-22;300
2012-05-23;290
2012-05-24;286
2012-05-25;290
2012-05-26;297
2012-05-27;296
2012-05-28;286
2012-05-29;288
2012-05-30;312
2012-05-31;314
2012-06-01;313
2012-06-02;309
2012-06-03;295
2012-06-04;281
2012-06-05;277
2012-06-06;270
2012-06-07;255
2012-06-08;253
2012-06-09;247
2012-06-10;249
2012-06-11;252
2012-06-12;256
2012-06-13;269
2012-06-14;280
2012-06-15;307
2012-06-16;318
2012-06-17;314
2012-06-18;289
2012-06-19;278
2012-06-20;273
2012-06-21;271
2012-06-22;266
2012-06-23;265
2012-06-24;263
2012-06-25;258
2012-06-26;257
2012-06-27;255
2012-06-28;249
2012-06-29;241
2012-06-30;235
2012-07-01;241
2012-07-02;254
2012-07-03;257
2012-07-04;258
2012-07-05;260
2012-07-06;265
2012-07-07;286
2012-07-08;305
2012-07-09;306
2012-07-10;296
2012-07-11;280
2012-07-12;271
2012-07-13;267
2012-07-14;261
2012-07-15;259
2012-07-16;263
2012-07-17;265
2012-07-18;261
2012-07-19;256
2012-07-20;254
2012-07-21;252
2012-07-22;251
2012-07-23;251
2012-07-24;251
2012-07-25;252
2012-07-26;253
2012-07-27;254
2012-07-28;257
2012-07-29;293
2012-07-30;365
2012-07-31;371
2012-08-01;359
2012-08-02;336
2012-08-03;330
2012-08-04;324
2012-08-05;319
2012-08-06;313
2012-08-07;309
2012-08-08;284
2012-08-09;275
2012-08-10;269
2012-08-11;260
2012-08-12;257
2012-08-13;282
2012-08-14;305
2012-08-15;330
2012-08-16;342
2012-08-17;330
2012-08-18;315
2012-08-19;312
2012-08-20;321
2012-08-21;319
2012-08-22;306
2012-08-23;307
2012-08-24;357
2012-08-25;375
2012-08-26;382
2012-08-27;387
2012-08-28;382
2012-08-29;366
2012-08-30;358
2012-08-31;366
2012-09-01;371
2012-09-02;371
2012-09-03;357
2012-09-04;360
2012-09-05;375
2012-09-06;385
2012-09-07;396
2012-09-08;434
2012-09-09;455
2012-09-10;469
2012-09-11;481
2012-09-12;496
2012-09-13;496
2012-09-14;472
2012-09-15;451
2012-09-16;436
2012-09-17;419
2012-09-18;415
2012-09-19;435
2012-09-20;460
2012-09-21;462
2012-09-22;444
2012-09-23;426
2012-09-24;404
2012-09-25;395
2012-09-26;389
2012-09-27;387
2012-09-28;386
2012-09-29;385
2012-09-30;381
2012-10-01;367
2012-10-02;369
2012-10-03;372
2012-10-04;374
2012-10-05;377
2012-10-06;371
2012-10-07;362
2012-10-08;351
2012-10-09;345
2012-10-10;343
2012-10-11;343
2012-10-12;343
2012-10-13;343
2012-10-14;345
2012-10-15;347
2012-10-16;356
2012-10-17;378
2012-10-18;379
2012-10-19;379
2012-10-20;378
2012-10-21;374
2012-10-22;362
2012-10-23;344
2012-10-24;342
2012-10-25;337
2012-10-26;334
2012-10-27;331
2012-10-28;328
2012-10-29;322
2012-10-30;315
2012-10-31;307
2012-11-01;296
2012-11-02;289
2012-11-03;281
2012-11-04;278
2012-11-05;273
2012-11-06;268
2012-11-07;267
2012-11-08;275
2012-11-09;279
2012-11-10;282
2012-11-11;282
2012-11-12;281
2012-11-13;278
2012-11-14;275
2012-11-15;274
2012-11-16;278
2012-11-17;280
2012-11-18;280
2012-11-19;283
2012-11-20;286
2012-11-21;281
2012-11-22;279
2012-11-23;276
2012-11-24;274
2012-11-25;271
2012-11-26;266
2012-11-27;263
2012-11-28;262
2012-11-29;264
2012-11-30;270
2012-12-01;279
2012-12-02;270
2012-12-03;249
2012-12-04;248
2012-12-05;247
2012-12-06;250
2012-12-07;263
2012-12-08;268
2012-12-09;327
2012-12-10;337
2012-12-11;377
2012-12-12;377
2012-12-13;382
2012-12-14;385
2012-12-15;385
2012-12-16;417
2012-12-17;426
2012-12-18;417
2012-12-19;410
2012-12-20;408
2012-12-21;410
2012-12-22;412
2012-12-23;415
2012-12-24;420
2012-12-25;427
2012-12-26;433
2012-12-27;429
2012-12-28;427
2012-12-29;426
2012-12-30;426
2012-12-31;426
2013-01-01;426
2013-01-02;426
2013-01-03;426
2013-01-04;426
2013-01-05;425
2013-01-06;424
2013-01-07;422
2013-01-08;422
2013-01-09;421
2013-01-10;419
2013-01-11;416
2013-01-12;413
2013-01-13;410
2013-01-14;401
2013-01-15;394
2013-01-16;394
2013-01-17;389
2013-01-18;386
2013-01-19;383
2013-01-20;382
2013-01-21;380
2013-01-22;379
2013-01-23;377
2013-01-24;376
2013-01-25;375
2013-01-26;370
2013-01-27;371
2013-01-28;372
2013-01-29;373
2013-01-30;374
2013-01-31;375
2013-02-01;378
2013-02-02;376
2013-02-03;373
2013-02-04;373
2013-02-05;374
2013-02-06;374
2013-02-07;376
2013-02-08;376
2013-02-09;377
2013-02-10;378
2013-02-11;376
2013-02-12;376
2013-02-13;376
2013-02-14;375
2013-02-15;374
2013-02-16;374
2013-02-17;376
2013-02-18;377
2013-02-19;378
2013-02-20;377
2013-02-21;378
2013-02-22;377
2013-02-23;371
2013-02-24;367
2013-02-25;362
2013-02-26;362
2013-02-27;361
2013-02-28;361
2013-03-01;359
2013-03-02;359
2013-03-03;360
2013-03-04;360
2013-03-05;359
2013-03-06;359
2013-03-07;359
2013-03-08;360
2013-03-09;360
2013-03-10;361
2013-03-11;361
2013-03-12;357
2013-03-13;357
2013-03-14;361
2013-03-15;365
2013-03-16;359
2013-03-17;351
2013-03-18;346
2013-03-19;348
2013-03-20;352
2013-03-21;365
2013-03-22;366
2013-03-23;356
2013-03-24;344
2013-03-25;342
2013-03-26;341
2013-03-27;341
2013-03-28;365
2013-03-29;367
2013-03-30;360
2013-03-31;355
2013-04-01;354
2013-04-02;353
2013-04-03;356
2013-04-04;368
2013-04-05;370
2013-04-06;366
2013-04-07;363
2013-04-08;361
2013-04-09;362
2013-04-10;377
2013-04-11;380
2013-04-12;381
2013-04-13;384
2013-04-14;382
2013-04-15;370
2013-04-16;371
2013-04-17;375
2013-04-18;384
2013-04-19;376
2013-04-20;371
2013-04-21;379
2013-04-22;398
2013-04-23;402
2013-04-24;407
2013-04-25;404
2013-04-26;386
2013-04-27;380
2013-04-28;372
2013-04-29;363
2013-04-30;375
2013-05-01;388
2013-05-02;397
2013-05-03;401
2013-05-04;403
2013-05-05;407
2013-05-06;380
2013-05-07;353
2013-05-08;340
2013-05-09;335
2013-05-10;336
2013-05-11;339
2013-05-12;353
2013-05-13;394
2013-05-14;425
2013-05-15;437
2013-05-16;452
2013-05-17;497
2013-05-18;498
2013-05-19;482
2013-05-20;455
2013-05-21;442
2013-05-22;422
2013-05-23;425
2013-05-24;439
2013-05-25;443
2013-05-26;435
2013-05-27;405
2013-05-28;410
2013-05-29;440
2013-05-30;455
2013-05-31;469
2013-06-01;482
2013-06-02;522
2013-06-03;582
2013-06-04;618
2013-06-05;644
2013-06-06;651
2013-06-07;648
2013-06-08;641
2013-06-09;590
2013-06-10;497
2013-06-11;447
2013-06-12;425
2013-06-13;422
2013-06-14;420
2013-06-15;415
2013-06-16;401
2013-06-17;394
2013-06-18;432
2013-06-19;485
2013-06-20;515
2013-06-21;521
2013-06-22;512
2013-06-23;501
2013-06-24;467
2013-06-25;417
2013-06-26;382
2013-06-27;369
2013-06-28;366
2013-06-29;360
2013-06-30;345
2013-07-01;340
2013-07-02;340
2013-07-03;339
2013-07-04;336
2013-07-05;332
2013-07-06;330
2013-07-07;314
2013-07-08;291
2013-07-09;293
2013-07-10;327
2013-07-11;377
2013-07-12;400
2013-07-13;439
2013-07-14;455
2013-07-15;476
2013-07-16;463
2013-07-17;439
2013-07-18;408
2013-07-19;375
2013-07-20;365
2013-07-21;373
2013-07-22;420
2013-07-23;467
2013-07-24;522
2013-07-25;572
2013-07-26;597
2013-07-27;617
2013-07-28;630
2013-07-29;632
2013-07-30;610
2013-07-31;576
2013-08-01;560
2013-08-02;597
2013-08-03;641
2013-08-04;675
2013-08-05;693
2013-08-06;710
2013-08-07;730
2013-08-08;738
2013-08-09;747
2013-08-10;762
2013-08-11;763
2013-08-12;770
2013-08-13;787
2013-08-14;804
2013-08-15;803
2013-08-16;792
2013-08-17;780
2013-08-18;778
2013-08-19;781
2013-08-20;789
2013-08-21;800
2013-08-22;807
2013-08-23;818
2013-08-24;817
2013-08-25;808
2013-08-26;787
2013-08-27;762
2013-08-28;726
2013-08-29;677
2013-08-30;650
2013-08-31;632
2013-09-01;617
2013-09-02;605
2013-09-03;590
2013-09-04;580
2013-09-05;565
2013-09-06;552
2013-09-07;540
2013-09-08;532
2013-09-09;530
2013-09-10;528
2013-09-11;528
2013-09-12;527
2013-09-13;527
2013-09-14;527
2013-09-15;526
2013-09-16;522
2013-09-17;523
2013-09-18;528
2013-09-19;535
2013-09-20;549
2013-09-21;576
2013-09-22;622
2013-09-23;576
2013-09-24;458
2013-09-25;442
2013-09-26;437
2013-09-27;463
2013-09-28;513
2013-09-29;545
2013-09-30;545
2013-10-01;524
2013-10-02;513
2013-10-03;494
2013-10-04;486
2013-10-05;472
2013-10-06;462
2013-10-07;455
2013-10-08;454
2013-10-09;448
2013-10-10;445
2013-10-11;442
2013-10-12;440
2013-10-13;437
2013-10-14;436
2013-10-15;436
2013-10-16;431
2013-10-17;405
2013-10-18;362
2013-10-19;346
2013-10-20;341
2013-10-21;330
2013-10-22;316
2013-10-23;292
2013-10-24;281
2013-10-25;276
2013-10-26;272
2013-10-27;267
2013-10-28;276
2013-10-29;290
2013-10-30;291
2013-10-31;280
2013-11-01;274
2013-11-02;268
2013-11-03;266
2013-11-04;263
2013-11-05;261
2013-11-06;265
2013-11-07;277
2013-11-08;284
2013-11-09;287
2013-11-10;287
2013-11-11;255
2013-11-12;246
2013-11-13;238
2013-11-14;232
2013-11-15;230
2013-11-16;228
2013-11-17;235
2013-11-18;250
2013-11-19;250
2013-11-20;250
2013-11-21;253
2013-11-22;262
2013-11-23;273
2013-11-24;278
2013-11-25;284
2013-11-26;278
2013-11-27;272
2013-11-28;271
2013-11-29;270
2013-11-30;269
2013-12-01;267
2013-12-02;272
2013-12-03;288
2013-12-04;294
2013-12-05;293
2013-12-06;296
2013-12-07;315
2013-12-08;322
2013-12-09;343
2013-12-10;356
2013-12-11;359
2013-12-12;353
2013-12-13;335
2013-12-14;327
2013-12-15;329
2013-12-16;352
2013-12-17;373
2013-12-18;387
2013-12-19;389
2013-12-20;396
2013-12-21;400
2013-12-22;397
2013-12-23;397
2013-12-24;410
2013-12-25;413
2013-12-26;415
2013-12-27;417
2013-12-28;420
2013-12-29;422
2013-12-30;422
2013-12-31;422
2014-01-01;422
2014-01-02;419
2014-01-03;417
2014-01-04;414
2014-01-05;410
2014-01-06;410
2014-01-07;413
2014-01-08;416
2014-01-09;427
2014-01-10;441
2014-01-11;476
2014-01-12;471
2014-01-13;469
2014-01-14;467
2014-01-15;466
2014-01-16;476
2014-01-17;486
2014-01-18;491
2014-01-19;491
2014-01-20;466
2014-01-21;466
2014-01-22;464
2014-01-23;463
2014-01-24;463
2014-01-25;454
2014-01-26;443
2014-01-27;439
2014-01-28;436
2014-01-29;434
2014-01-30;432
2014-01-31;429
2014-02-01;427
2014-02-02;429
2014-02-03;430
2014-02-04;430
2014-02-05;429
2014-02-06;429
2014-02-07;431
2014-02-08;432
2014-02-09;432
2014-02-10;434
2014-02-11;431
2014-02-12;429
2014-02-13;428
2014-02-14;426
2014-02-15;425
2014-02-16;425
2014-02-17;424
2014-02-18;425
2014-02-19;425
2014-02-20;425
2014-02-21;424
2014-02-22;424
2014-02-23;424
2014-02-24;423
2014-02-25;423
2014-02-26;421
2014-02-27;423
2014-02-28;423
2014-03-01;421
2014-03-02;421
2014-03-03;421
2014-03-04;421
2014-03-05;421
2014-03-06;419
2014-03-07;419
2014-03-08;418
2014-03-09;418
2014-03-10;418
2014-03-11;420
2014-03-12;421
2014-03-13;421
2014-03-14;421
2014-03-15;421
2014-03-16;421
2014-03-17;421
2014-03-18;416
2014-03-19;416
2014-03-20;416
2014-03-21;406
2014-03-22;401
2014-03-23;396
2014-03-24;391
2014-03-25;391
2014-03-26;391
2014-03-27;404
2014-03-28;406
2014-03-29;406
2014-03-30;406
2014-03-31;405
2014-04-01;411
2014-04-02;417
2014-04-03;418
2014-04-04;420
2014-04-05;420
2014-04-06;421
2014-04-07;422
2014-04-08;423
2014-04-09;423
2014-04-10;426
2014-04-11;429
2014-04-12;430
2014-04-13;434
2014-04-14;447
2014-04-15;469
2014-04-16;485
2014-04-17;496
2014-04-18;482
2014-04-19;452
2014-04-20;427
2014-04-21;407
2014-04-22;387
2014-04-23;356
2014-04-24;287
2014-04-25;268
2014-04-26;264
2014-04-27;270
2014-04-28;282
2014-04-29;295
2014-04-30;313
2014-05-01;317
2014-05-02;319
2014-05-03;324
2014-05-04;324
2014-05-05;320
2014-05-06;328
2014-05-07;331
2014-05-08;335
2014-05-09;327
2014-05-10;297
2014-05-11;262
2014-05-12;252
2014-05-13;259
2014-05-14;273
2014-05-15;276
2014-05-16;278
2014-05-17;284
2014-05-18;297
2014-05-19;307
2014-05-20;307
2014-05-21;304
2014-05-22;299
2014-05-23;294
2014-05-24;288
2014-05-25;284
2014-05-26;285
2014-05-27;294
2014-05-28;305
2014-05-29;328
2014-05-30;394
2014-05-31;403
2014-06-01;416
2014-06-02;428
2014-06-03;419
2014-06-04;407
2014-06-05;397
2014-06-06;397
2014-06-07;395
2014-06-08;393
2014-06-09;390
2014-06-10;385
2014-06-11;407
2014-06-12;432
2014-06-13;445
2014-06-14;447
2014-06-15;414
2014-06-16;352
2014-06-17;330
2014-06-18;310
2014-06-19;298
2014-06-20;281
2014-06-21;270
2014-06-22;260
2014-06-23;254
2014-06-24;245
2014-06-25;237
2014-06-26;231
2014-06-27;232
2014-06-28;233
2014-06-29;234
2014-06-30;235
2014-07-01;241
2014-07-02;250
2014-07-03;250
2014-07-04;250
2014-07-05;250
2014-07-06;254
2014-07-07;270
2014-07-08;279
2014-07-09;307
2014-07-10;351
2014-07-11;356
2014-07-12;355
2014-07-13;350
2014-07-14;343
2014-07-15;337
2014-07-16;330
2014-07-17;320
2014-07-18;306
2014-07-19;298
2014-07-20;288
2014-07-21;283
2014-07-22;274
2014-07-23;265
2014-07-24;281
2014-07-25;346
2014-07-26;417
2014-07-27;462
2014-07-28;488
2014-07-29;492
2014-07-30;452
2014-07-31;415
2014-08-01;397
2014-08-02;362
2014-08-03;401
2014-08-04;467
2014-08-05;494
2014-08-06;502
2014-08-07;502
2014-08-08;501
2014-08-09;493
2014-08-10;476
2014-08-11;461
2014-08-12;437
2014-08-13;413
2014-08-14;392
2014-08-15;374
2014-08-16;361
2014-08-17;350
2014-08-18;342
2014-08-19;332
2014-08-20;324
2014-08-21;319
2014-08-22;312
2014-08-23;307
2014-08-24;306
2014-08-25;296
2014-08-26;281
2014-08-27;278
2014-08-28;275
2014-08-29;271
2014-08-30;269
2014-08-31;267
2014-09-01;264
2014-09-02;259
2014-09-03;258
2014-09-04;257
2014-09-05;256
2014-09-06;254
2014-09-07;253
2014-09-08;252
2014-09-09;250
2014-09-10;245
2014-09-11;242
2014-09-12;240
2014-09-13;239
2014-09-14;234
2014-09-15;232
2014-09-16;235
2014-09-17;249
2014-09-18;253
2014-09-19;253
2014-09-20;252
2014-09-21;253
2014-09-22;257
2014-09-23;265
2014-09-24;263
2014-09-25;261
2014-09-26;256
2014-09-27;244
2014-09-28;230
2014-09-29;229
2014-09-30;227
2014-10-01;227
2014-10-02;227
2014-10-03;227
2014-10-04;226
2014-10-05;226
2014-10-06;226
2014-10-07;226
2014-10-08;226
2014-10-09;226
2014-10-10;226
2014-10-11;226
2014-10-12;226
2014-10-13;226
2014-10-14;226
2014-10-15;226
2014-10-16;226
2014-10-17;226
2014-10-18;226
2014-10-19;225
2014-10-20;220
2014-10-21;222
2014-10-22;223
2014-10-23;223
2014-10-24;223
2014-10-25;226
2014-10-26;229
2014-10-27;230
2014-10-28;232
2014-10-29;232
2014-10-30;230
2014-10-31;227
2014-11-01;225
2014-11-02;225
2014-11-03;223
2014-11-04;221
2014-11-05;221
2014-11-06;219
2014-11-07;214
2014-11-08;211
2014-11-09;210
2014-11-10;210
2014-11-11;209
2014-11-12;209
2014-11-13;208
2014-11-14;207
2014-11-15;207
2014-11-16;205
2014-11-17;204
2014-11-18;201
2014-11-19;203
2014-11-20;206
2014-11-21;208
2014-11-22;210
2014-11-23;220
2014-11-24;233
2014-11-25;237
2014-11-26;235
2014-11-27;235
2014-11-28;238
2014-11-29;273
2014-11-30;307
2014-12-01;287
2014-12-02;282
2014-12-03;277
2014-12-04;277
2014-12-05;282
2014-12-06;282
2014-12-07;282
2014-12-08;282
2014-12-09;282
2014-12-10;282
2014-12-11;282
2014-12-12;282
2014-12-13;281
2014-12-14;280
2014-12-15;280
2014-12-16;279
2014-12-17;279
2014-12-18;278
2014-12-19;277
2014-12-20;276
2014-12-21;275
2014-12-22;274
2014-12-23;274
2014-12-24;274
2014-12-25;274
2014-12-26;273
2014-12-27;273
2014-12-28;273
2014-12-29;273
2014-12-30;273
2014-12-31;273
2015-01-01;273
2015-01-02;272
2015-01-03;271
2015-01-04;271
2015-01-05;271
2015-01-06;268
2015-01-07;266
2015-01-08;263
2015-01-09;261
2015-01-10;261
2015-01-11;263
2015-01-12;263
2015-01-13;263
2015-01-14;263
2015-01-15;263
2015-01-16;263
2015-01-17;263
2015-01-18;263
2015-01-19;264
2015-01-20;265
2015-01-21;263
2015-01-22;266
2015-01-23;266
2015-01-24;265
2015-01-25;264
2015-01-26;264
2015-01-27;264
2015-01-28;266
2015-01-29;266
2015-01-30;266
2015-01-31;266
2015-02-01;266
2015-02-02;266
2015-02-03;265
2015-02-04;265
2015-02-05;264
2015-02-06;264
2015-02-07;267
2015-02-08;269
2015-02-09;270
2015-02-10;270
2015-02-11;270
2015-02-12;268
2015-02-13;267
2015-02-14;265
2015-02-15;265
2015-02-16;266
2015-02-17;267
2015-02-18;268
2015-02-19;268
2015-02-20;266
2015-02-21;266
2015-02-22;266
2015-02-23;267
2015-02-24;268
2015-02-25;268
2015-02-26;270
2015-02-27;270
2015-02-28;271
2015-03-01;271
2015-03-02;271
2015-03-03;271
2015-03-04;271
2015-03-05;270
2015-03-06;270
2015-03-07;270
2015-03-08;269
2015-03-09;269
2015-03-10;268
2015-03-11;268
2015-03-12;268
2015-03-13;270
2015-03-14;270
2015-03-15;271
2015-03-16;271
2015-03-17;271
2015-03-18;271
2015-03-19;271
2015-03-20;271
2015-03-21;272
2015-03-22;273
2015-03-23;273
2015-03-24;273
2015-03-25;273
2015-03-26;274
2015-03-27;275
2015-03-28;275
2015-03-29;275
2015-03-30;275
2015-03-31;276
2015-04-01;276
2015-04-02;276
2015-04-03;276
2015-04-04;277
2015-04-05;278
2015-04-06;278
2015-04-07;278
2015-04-08;278
2015-04-09;280
2015-04-10;280
2015-04-11;280
2015-04-12;281
2015-04-13;281
2015-04-14;282
2015-04-15;284
2015-04-16;287
2015-04-17;288
2015-04-18;288
2015-04-19;289
2015-04-20;289
2015-04-21;289
2015-04-22;298
2015-04-23;326
2015-04-24;340
2015-04-25;347
2015-04-26;328
2015-04-27;286
2015-04-28;285
2015-04-29;328
2015-04-30;332
2015-05-01;334
2015-05-02;336
2015-05-03;333
2015-05-04;319
2015-05-05;326
2015-05-06;335
2015-05-07;337
2015-05-08;334
2015-05-09;323
2015-05-10;316
2015-05-11;312
2015-05-12;309
2015-05-13;294
2015-05-14;286
2015-05-15;280
2015-05-16;276
2015-05-17;281
2015-05-18;306
2015-05-19;307
2015-05-20;306
2015-05-21;301
2015-05-22;287
2015-05-23;285
2015-05-24;291
2015-05-25;312
2015-05-26;307
2015-05-27;311
2015-05-28;322
2015-05-29;321
2015-05-30;319
2015-05-31;305
2015-06-01;288
2015-06-02;282
2015-06-03;317
2015-06-04;367
2015-06-05;407
2015-06-06;415
2015-06-07;387
2015-06-08;352
2015-06-09;340
2015-06-10;331
2015-06-11;326
2015-06-12;323
2015-06-13;322
2015-06-14;313
2015-06-15;307
2015-06-16;300
2015-06-17;294
2015-06-18;290
2015-06-19;285
2015-06-20;279
2015-06-21;273
2015-06-22;284
2015-06-23;287
2015-06-24;284
2015-06-25;278
2015-06-26;273
2015-06-27;271
2015-06-28;266
2015-06-29;264
2015-06-30;310
2015-07-01;339
2015-07-02;357
2015-07-03;352
2015-07-04;350
2015-07-05;387
2015-07-06;408
2015-07-07;405
2015-07-08;393
2015-07-09;377
2015-07-10;360
2015-07-11;346
2015-07-12;344
2015-07-13;339
2015-07-14;333
2015-07-15;322
2015-07-16;305
2015-07-17;291
2015-07-18;282
2015-07-19;272
2015-07-20;248
2015-07-21;245
2015-07-22;239
2015-07-23;237
2015-07-24;239
2015-07-25;244
2015-07-26;249
2015-07-27;249
2015-07-28;251
2015-07-29;255
2015-07-30;260
2015-07-31;263
2015-08-01;267
2015-08-02;271
2015-08-03;287
2015-08-04;310
2015-08-05;318
2015-08-06;316
2015-08-07;305
2015-08-08;296
2015-08-09;295
2015-08-10;343
2015-08-11;355
2015-08-12;355
2015-08-13;353
2015-08-14;352
2015-08-15;337
2015-08-16;323
2015-08-17;310
2015-08-18;299
2015-08-19;287
2015-08-20;280
2015-08-21;278
2015-08-22;276
2015-08-23;274
2015-08-24;271
2015-08-25;267
2015-08-26;266
2015-08-27;267
2015-08-28;267
2015-08-29;266
2015-08-30;260
2015-08-31;252
2015-09-01;248
2015-09-02;243
2015-09-03;240
2015-09-04;239
2015-09-05;237
2015-09-06;235
2015-09-07;234
2015-09-08;232
2015-09-09;232
2015-09-10;232
2015-09-11;231
2015-09-12;230
2015-09-13;227
2015-09-14;227
2015-09-15;227
2015-09-16;227
2015-09-17;228
2015-09-18;233
2015-09-19;237
2015-09-20;237
2015-09-21;230
2015-09-22;224
2015-09-23;224
2015-09-24;223
2015-09-25;223
2015-09-26;224
2015-09-27;224
2015-09-28;220
2015-09-29;221
2015-09-30;224
2015-10-01;225
2015-10-02;226
2015-10-03;228
2015-10-04;230
2015-10-05;230
2015-10-06;229
2015-10-07;230
2015-10-08;238
2015-10-09;244
2015-10-10;251
2015-10-11;254
2015-10-12;252
2015-10-13;247
2015-10-14;247
2015-10-15;247
2015-10-16;247
2015-10-17;247
2015-10-18;247
2015-10-19;245
2015-10-20;239
2015-10-21;236
2015-10-22;234
2015-10-23;233
2015-10-24;232
2015-10-25;226
2015-10-26;223
2015-10-27;222
2015-10-28;219
2015-10-29;211
2015-10-30;210
2015-10-31;211
2015-11-01;212
2015-11-02;210
2015-11-03;209
2015-11-04;207
2015-11-05;202
2015-11-06;207
2015-11-07;213
2015-11-08;213
2015-11-09;194
2015-11-10;189
2015-11-11;186
2015-11-12;184
2015-11-13;182
2015-11-14;180
2015-11-15;184
2015-11-16;192
2015-11-17;195
2015-11-18;183
2015-11-19;181
2015-11-20;178
2015-11-21;175
2015-11-22;175
2015-11-23;198
2015-11-24;222
2015-11-25;226
2015-11-26;238
2015-11-27;242
2015-11-28;244
2015-11-29;245
2015-11-30;245
2015-12-01;245
2015-12-02;246
2015-12-03;246
2015-12-04;246
2015-12-05;244
2015-12-06;243
2015-12-07;243
2015-12-08;243
2015-12-09;242
2015-12-10;242
2015-12-11;242
2015-12-12;240
2015-12-13;239
2015-12-14;237
2015-12-15;237
2015-12-16;236
2015-12-17;235
2015-12-18;235
2015-12-19;237
2015-12-20;238
2015-12-21;241
2015-12-22;240
2015-12-23;239
2015-12-24;239
2015-12-25;239
2015-12-26;239
2015-12-27;240
2015-12-28;241
2015-12-29;244
2015-12-30;246
2015-12-31;246
2016-01-01;246
2016-01-02;247
2016-01-03;249
2016-01-04;249
2016-01-05;249
2016-01-06;251
2016-01-07;251
2016-01-08;252
2016-01-09;253
2016-01-10;253
2016-01-11;255
2016-01-12;256
2016-01-13;256
2016-01-14;255
2016-01-15;255
2016-01-16;257
2016-01-17;260
2016-01-18;260
2016-01-19;259
2016-01-20;259
2016-01-21;259
2016-01-22;260
2016-01-23;261
2016-01-24;262
2016-01-25;262
2016-01-26;261
2016-01-27;262
2016-01-28;263
2016-01-29;264
2016-01-30;265
2016-01-31;266
2016-02-01;266
2016-02-02;265
2016-02-03;265
2016-02-04;265
2016-02-05;264
2016-02-06;264
2016-02-07;266
2016-02-08;268
2016-02-09;268
2016-02-10;267
2016-02-11;267
2016-02-12;267
2016-02-13;269
2016-02-14;271
2016-02-15;271
2016-02-16;269
2016-02-17;269
2016-02-18;268
2016-02-19;268
2016-02-20;267
2016-02-21;269
2016-02-22;270
2016-02-23;270
2016-02-24;272
2016-02-25;273
2016-02-26;275
2016-02-27;276
2016-02-28;277
2016-02-29;277
2016-03-01;275
2016-03-02;275
2016-03-03;274
2016-03-04;274
2016-03-05;274
2016-03-06;274
2016-03-07;275
2016-03-08;275
2016-03-09;276
2016-03-10;276
2016-03-11;277
2016-03-12;277
2016-03-13;277
2016-03-14;279
2016-03-15;280
2016-03-16;282
2016-03-17;282
2016-03-18;282
2016-03-19;281
2016-03-20;281
2016-03-21;281
2016-03-22;281
2016-03-23;281
2016-03-24;278
2016-03-25;276
2016-03-26;276
2016-03-27;280
2016-03-28;283
2016-03-29;284
2016-03-30;286
2016-03-31;288
2016-04-01;289
2016-04-02;290
2016-04-03;289
2016-04-04;289
2016-04-05;291
2016-04-06;292
2016-04-07;294
2016-04-08;295
2016-04-09;296
2016-04-10;296
2016-04-11;296
2016-04-12;298
2016-04-13;303
2016-04-14;303
2016-04-15;304
2016-04-16;306
2016-04-17;311
2016-04-18;312
2016-04-19;307
2016-04-20;276
2016-04-21;256
2016-04-22;254
2016-04-23;257
2016-04-24;274
2016-04-25;302
2016-04-26;305
2016-04-27;307
2016-04-28;352
2016-04-29;385
2016-04-30;372
2016-05-01;355
2016-05-02;335
2016-05-03;320
2016-05-04;322
2016-05-05;328
2016-05-06;330
2016-05-07;334
2016-05-08;345
2016-05-09;342
2016-05-10;330
2016-05-11;320
2016-05-12;312
2016-05-13;308
2016-05-14;306
2016-05-15;312
2016-05-16;337
2016-05-17;397
2016-05-18;422
2016-05-19;425
2016-05-20;417
2016-05-21;415
2016-05-22;402
2016-05-23;390
2016-05-24;386
2016-05-25;385
2016-05-26;385
2016-05-27;391
2016-05-28;362
2016-05-29;345
2016-05-30;337
2016-05-31;342
2016-06-01;370
2016-06-02;399
2016-06-03;392
2016-06-04;380
2016-06-05;371
2016-06-06;369
2016-06-07;360
2016-06-08;347
2016-06-09;344
2016-06-10;343
2016-06-11;345
2016-06-12;350
2016-06-13;362
2016-06-14;369
2016-06-15;367
2016-06-16;352
2016-06-17;342
2016-06-18;336
2016-06-19;332
2016-06-20;326
2016-06-21;321
2016-06-22;316
2016-06-23;310
2016-06-24;306
2016-06-25;317
2016-06-26;342
2016-06-27;412
2016-06-28;449
2016-06-29;472
2016-06-30;485
2016-07-01;487
2016-07-02;484
2016-07-03;484
2016-07-04;512
2016-07-05;532
2016-07-06;547
2016-07-07;565
2016-07-08;573
2016-07-09;576
2016-07-10;581
2016-07-11;570
2016-07-12;557
2016-07-13;577
2016-07-14;562
2016-07-15;529
2016-07-16;505
2016-07-17;512
2016-07-18;562
2016-07-19;557
2016-07-20;532
2016-07-21;497
2016-07-22;447
2016-07-23;416
2016-07-24;398
2016-07-25;396
2016-07-26;405
2016-07-27;423
2016-07-28;420
2016-07-29;421
2016-07-30;447
2016-07-31;454
2016-08-01;462
2016-08-02;480
2016-08-03;506
2016-08-04;515
2016-08-05;505
2016-08-06;497
2016-08-07;506
2016-08-08;527
2016-08-09;537
2016-08-10;505
2016-08-11;464
2016-08-12;437
2016-08-13;421
2016-08-14;415
2016-08-15;419
2016-08-16;434
2016-08-17;453
2016-08-18;479
2016-08-19;515
2016-08-20;527
2016-08-21;535
2016-08-22;534
2016-08-23;511
2016-08-24;491
2016-08-25;471
2016-08-26;452
2016-08-27;441
2016-08-28;430
2016-08-29;425
2016-08-30;420
2016-08-31;408
2016-09-01;404
2016-09-02;402
2016-09-03;400
2016-09-04;390
2016-09-05;383
2016-09-06;383
2016-09-07;390
2016-09-08;405
2016-09-09;420
2016-09-10;429
2016-09-11;432
2016-09-12;430
2016-09-13;421
2016-09-14;409
2016-09-15;392
2016-09-16;383
2016-09-17;382
2016-09-18;372
2016-09-19;369
2016-09-20;366
2016-09-21;363
2016-09-22;356
2016-09-23;350
2016-09-24;345
2016-09-25;341
2016-09-26;340
2016-09-27;342
2016-09-28;343
2016-09-29;344
2016-09-30;352
2016-10-01;373
2016-10-02;380
2016-10-03;380
2016-10-04;375
2016-10-05;367
2016-10-06;360
2016-10-07;351
2016-10-08;343
2016-10-09;350
2016-10-10;345
2016-10-11;339
2016-10-12;331
2016-10-13;327
2016-10-14;322
2016-10-15;319
2016-10-16;318
2016-10-17;318
2016-10-18;318
2016-10-19;312
2016-10-20;306
2016-10-21;298
2016-10-22;288
2016-10-23;281
2016-10-24;278
2016-10-25;276
2016-10-26;272
2016-10-27;268
2016-10-28;259
2016-10-29;241
2016-10-30;226
2016-10-31;221
2016-11-01;229
2016-11-02;237
2016-11-03;231
2016-11-04;229
2016-11-05;221
2016-11-06;215
2016-11-07;212
2016-11-08;212
2016-11-09;214
2016-11-10;218
2016-11-11;216
2016-11-12;209
2016-11-13;209
2016-11-14;205
2016-11-15;204
2016-11-16;203
2016-11-17;193
2016-11-18;193
2016-11-19;190
2016-11-20;188
2016-11-21;180
2016-11-22;175
2016-11-23;173
2016-11-24;180
2016-11-25;191
2016-11-26;212
2016-11-27;271
2016-11-28;377
2016-11-29;375
2016-11-30;370
2016-12-01;380
2016-12-02;379
2016-12-03;381
2016-12-04;381
2016-12-05;381
2016-12-06;382
2016-12-07;387
2016-12-08;389
2016-12-09;393
2016-12-10;391
2016-12-11;394
2016-12-12;401
2016-12-13;404
2016-12-14;411
2016-12-15;414
2016-12-16;424
2016-12-17;424
2016-12-18;424
2016-12-19;424
2016-12-20;428
2016-12-21;428
2016-12-22;425
2016-12-23;425
2016-12-24;419
2016-12-25;413
2016-12-26;410
2016-12-27;404
2016-12-28;401
2016-12-29;398
2016-12-30;396
2016-12-31;395
2017-01-01;391
2017-01-02;390
2017-01-03;386
2017-01-04;385
2017-01-05;385
2017-01-06;381
2017-01-07;374
2017-01-08;378
2017-01-09;378
2017-01-10;378
2017-01-11;379
2017-01-12;379
2017-01-13;376
2017-01-14;376
2017-01-15;373
2017-01-16;369
2017-01-17;371
2017-01-18;367
2017-01-19;366
2017-01-20;366
2017-01-21;368
2017-01-22;363
2017-01-23;361
2017-01-24;359
2017-01-25;359
2017-01-26;366
2017-01-27;366
2017-01-28;365
2017-01-29;353
2017-01-30;349
2017-01-31;349
2017-02-01;348
2017-02-02;347
2017-02-03;344
2017-02-04;343
2017-02-05;343
2017-02-06;342
2017-02-07;341
2017-02-08;339
2017-02-09;338
2017-02-10;338
2017-02-11;339
2017-02-12;341
2017-02-13;347
2017-02-14;349
2017-02-15;349
2017-02-16;350
2017-02-17;351
2017-02-18;345
2017-02-19;344
2017-02-20;344
2017-02-21;345
2017-02-22;349
2017-02-23;354
2017-02-24;356
2017-02-25;356
2017-02-26;358
2017-02-27;360
2017-02-28;360
2017-03-01;361
2017-03-02;358
2017-03-03;356
2017-03-04;356
2017-03-05;356
2017-03-06;338
2017-03-07;344
2017-03-08;352
2017-03-09;361
2017-03-10;361
2017-03-11;358
2017-03-12;358
2017-03-13;358
2017-03-14;358
2017-03-15;358
2017-03-16;353
2017-03-17;360
2017-03-18;357
2017-03-19;357
2017-03-20;357
2017-03-21;364
2017-03-22;370
2017-03-23;378
2017-03-24;381
2017-03-25;382
2017-03-26;373
2017-03-27;384
2017-03-28;378
2017-03-29;371
2017-03-30;371
2017-03-31;377
2017-04-01;379
2017-04-02;377
2017-04-03;371
2017-04-04;368
2017-04-05;370
2017-04-06;377
2017-04-07;385
2017-04-08;385
2017-04-09;386
2017-04-10;389
2017-04-11;374
2017-04-12;374
2017-04-13;376
2017-04-14;378
2017-04-15;381
2017-04-16;383
2017-04-17;380
2017-04-18;373
2017-04-19;367
2017-04-20;360
2017-04-21;361
2017-04-22;370
2017-04-23;381
2017-04-24;295
2017-04-25;283
2017-04-26;271
2017-04-27;265
2017-04-28;270
2017-04-29;275
2017-04-30;280
2017-05-01;284
2017-05-02;283
2017-05-03;279
2017-05-04;275
2017-05-05;273
2017-05-06;270
2017-05-07;270
2017-05-08;280
2017-05-09;303
2017-05-10;333
2017-05-11;350
2017-05-12;347
2017-05-13;323
2017-05-14;310
2017-05-15;319
2017-05-16;341
2017-05-17;354
2017-05-18;355
2017-05-19;343
2017-05-20;339
2017-05-21;337
2017-05-22;343
2017-05-23;353
2017-05-24;382
2017-05-25;385
2017-05-26;355
2017-05-27;335
2017-05-28;316
2017-05-29;299
2017-05-30;288
2017-05-31;283
2017-06-01;280
2017-06-02;296
2017-06-03;331
2017-06-04;352
2017-06-05;349
2017-06-06;333
2017-06-07;323
2017-06-08;317
2017-06-09;313
2017-06-10;298
2017-06-11;286
2017-06-12;285
2017-06-13;287
2017-06-14;297
2017-06-15;299
2017-06-16;295
2017-06-17;288
2017-06-18;287
2017-06-19;291
2017-06-20;285
2017-06-21;275
2017-06-22;282
2017-06-23;317
2017-06-24;321
2017-06-25;309
2017-06-26;289
2017-06-27;279
2017-06-28;269
2017-06-29;267
2017-06-30;257
2017-07-01;247
2017-07-02;245
2017-07-03;245
2017-07-04;245
2017-07-05;246
2017-07-06;247
2017-07-07;247
2017-07-08;244
2017-07-09;243
2017-07-10;242
2017-07-11;235
2017-07-12;232
2017-07-13;230
2017-07-14;229
2017-07-15;236
2017-07-16;257
2017-07-17;284
2017-07-18;324
2017-07-19;343
2017-07-20;350
2017-07-21;349
2017-07-22;358
2017-07-23;392
2017-07-24;437
2017-07-25;457
2017-07-26;457
2017-07-27;439
2017-07-28;411
2017-07-29;389
2017-07-30;377
2017-07-31;369
2017-08-01;364
2017-08-02;360
2017-08-03;349
2017-08-04;345
2017-08-05;339
2017-08-06;324
2017-08-07;320
2017-08-08;320
2017-08-09;322
2017-08-10;332
2017-08-11;335
2017-08-12;329
2017-08-13;329
2017-08-14;351
2017-08-15;366
2017-08-16;372
2017-08-17;362
2017-08-18;349
2017-08-19;339
2017-08-20;327
2017-08-21;318
2017-08-22;312
2017-08-23;312
2017-08-24;321
2017-08-25;341
2017-08-26;377
2017-08-27;410
2017-08-28;429
2017-08-29;428
2017-08-30;422
2017-08-31;413
2017-09-01;410
2017-09-02;420
2017-09-03;444
2017-09-04;476
2017-09-05;496
2017-09-06;497
2017-09-07;479
2017-09-08;451
2017-09-09;423
2017-09-10;402
2017-09-11;394
2017-09-12;392
2017-09-13;384
2017-09-14;373
2017-09-15;362
2017-09-16;354
2017-09-17;344
2017-09-18;334
2017-09-19;326
2017-09-20;323
2017-09-21;318
2017-09-22;318
2017-09-23;319
2017-09-24;319
2017-09-25;315
2017-09-26;312
2017-09-27;308
2017-09-28;307
2017-09-29;319
2017-09-30;337
2017-10-01;362
2017-10-02;378
2017-10-03;383
2017-10-04;379
2017-10-05;368
2017-10-06;357
2017-10-07;347
2017-10-08;336
2017-10-09;329
2017-10-10;320
2017-10-11;316
2017-10-12;310
2017-10-13;304
2017-10-14;299
2017-10-15;297
2017-10-16;294
2017-10-17;290
2017-10-18;287
2017-10-19;283
2017-10-20;280
2017-10-21;277
2017-10-22;273
2017-10-23;268
2017-10-24;264
2017-10-25;258
2017-10-26;254
2017-10-27;250
2017-10-28;247
2017-10-29;245
2017-10-30;245
2017-10-31;241
2017-11-01;239
2017-11-02;235
2017-11-03;235
2017-11-04;239
2017-11-05;241
2017-11-06;245
2017-11-07;240
2017-11-08;230
2017-11-09;230
2017-11-10;228
2017-11-11;227
2017-11-12;226
2017-11-13;223
2017-11-14;220
2017-11-15;219
2017-11-16;217
2017-11-17;215
2017-11-18;212
2017-11-19;207
2017-11-20;204
2017-11-21;213
2017-11-22;224
2017-11-23;230
2017-11-24;240
2017-11-25;245
2017-11-26;268
2017-11-27;296
2017-11-28;300
2017-11-29;310
2017-11-30;309
2017-12-01;310
2017-12-02;310
2017-12-03;312
2017-12-04;314
2017-12-05;314
2017-12-06;314
2017-12-07;314
2017-12-08;314
2017-12-09;314
2017-12-10;314
2017-12-11;310
2017-12-12;307
2017-12-13;305
2017-12-14;306
2017-12-15;306
2017-12-16;305
2017-12-17;303
2017-12-18;296
2017-12-19;294
2017-12-20;294
2017-12-21;297
2017-12-22;299
2017-12-23;303
2017-12-24;303
2017-12-25;303
2017-12-26;300
2017-12-27;299
2017-12-28;295
2017-12-29;290
2017-12-30;289
2017-12-31;289
2018-01-01;289
2018-01-02;289
2018-01-03;293
2018-01-04;295
2018-01-05;295
2018-01-06;290
2018-01-07;286
2018-01-08;278
2018-01-09;276
2018-01-10;275
2018-01-11;273
2018-01-12;274
2018-01-13;275
2018-01-14;275
2018-01-15;275
2018-01-16;270
2018-01-17;274
2018-01-18;281
2018-01-19;287
2018-01-20;289
2018-01-21;283
2018-01-22;285
2018-01-23;285
2018-01-24;286
2018-01-25;286
2018-01-26;287
2018-01-27;289
2018-01-28;290
2018-01-29;291
2018-01-30;293
2018-01-31;294
2018-02-01;292
2018-02-02;288
2018-02-03;288
2018-02-04;291
2018-02-05;293
2018-02-06;290
2018-02-07;289
2018-02-08;288
2018-02-09;287
2018-02-10;285
2018-02-11;287
2018-02-12;291
2018-02-13;296
2018-02-14;299
2018-02-15;301
2018-02-16;301
2018-02-17;302
2018-02-18;301
2018-02-19;303
2018-02-20;302
2018-02-21;301
2018-02-22;300
2018-02-23;300
2018-02-24;298
2018-02-25;298
2018-02-26;299
2018-02-27;298
2018-02-28;297
2018-03-01;301
2018-03-02;301
2018-03-03;300
2018-03-04;301
2018-03-05;302
2018-03-06;302
2018-03-07;303
2018-03-08;303
2018-03-09;304
2018-03-10;305
2018-03-11;305
2018-03-12;304
2018-03-13;303
2018-03-14;306
2018-03-15;308
2018-03-16;308
2018-03-17;310
2018-03-18;308
2018-03-19;307
2018-03-20;306
2018-03-21;309
2018-03-22;312
2018-03-23;314
2018-03-24;315
2018-03-25;317
2018-03-26;318
2018-03-27;318
2018-03-28;320
2018-03-29;318
2018-03-30;319
2018-03-31;320
2018-04-01;320
2018-04-02;319
2018-04-03;318
2018-04-04;317
2018-04-05;318
2018-04-06;318
2018-04-07;319
2018-04-08;321
2018-04-09;327
2018-04-10;321
2018-04-11;320
2018-04-12;319
2018-04-13;317
2018-04-14;315
2018-04-15;312
2018-04-16;315
2018-04-17;319
2018-04-18;324
2018-04-19;326
2018-04-20;325
2018-04-21;288
2018-04-22;255
2018-04-23;244
2018-04-24;236
2018-04-25;235
2018-04-26;233
2018-04-27;245
2018-04-28;263
2018-04-29;248
2018-04-30;235
2018-05-01;235
2018-05-02;226
2018-05-03;216
2018-05-04;212
2018-05-05;212
2018-05-06;211
2018-05-07;211
2018-05-08;210
2018-05-09;211
2018-05-10;211
2018-05-11;211
2018-05-12;212
2018-05-13;217
2018-05-14;229
2018-05-15;236
2018-05-16;244
2018-05-17;257
2018-05-18;267
2018-05-19;277
2018-05-20;280
2018-05-21;283
2018-05-22;278
2018-05-23;269
2018-05-24;265
2018-05-25;259
2018-05-26;259
2018-05-27;259
2018-05-28;269
2018-05-29;285
2018-05-30;293
2018-05-31;286
2018-06-01;276
2018-06-02;271
2018-06-03;261
2018-06-04;254
2018-06-05;249
2018-06-06;245
2018-06-07;243
2018-06-08;235
2018-06-09;233
2018-06-10;229
2018-06-11;237
2018-06-12;240
2018-06-13;242
2018-06-14;246
2018-06-15;250
2018-06-16;256
2018-06-17;258
2018-06-18;261
2018-06-19;289
2018-06-20;311
2018-06-21;391
2018-06-22;454
2018-06-23;486
2018-06-24;510
2018-06-25;520
2018-06-26;502
2018-06-27;457
2018-06-28;414
2018-06-29;383
2018-06-30;362
2018-07-01;349
2018-07-02;339
2018-07-03;337
2018-07-04;335
2018-07-05;363
2018-07-06;429
2018-07-07;450
2018-07-08;434
2018-07-09;406
2018-07-10;375
2018-07-11;350
2018-07-12;336
2018-07-13;341
2018-07-14;348
2018-07-15;353
2018-07-16;362
2018-07-17;393
2018-07-18;422
2018-07-19;470
2018-07-20;516
2018-07-21;541
2018-07-22;551
2018-07-23;547
2018-07-24;546
2018-07-25;545
2018-07-26;536
2018-07-27;523
2018-07-28;514
2018-07-29;498
2018-07-30;480
2018-07-31;456
2018-08-01;430
2018-08-02;411
2018-08-03;397
2018-08-04;388
2018-08-05;378
2018-08-06;365
2018-08-07;352
2018-08-08;339
2018-08-09;333
2018-08-10;328
2018-08-11;320
2018-08-12;316
2018-08-13;313
2018-08-14;314
2018-08-15;319
2018-08-16;329
2018-08-17;329
2018-08-18;320
2018-08-19;309
2018-08-20;300
2018-08-21;293
2018-08-22;293
2018-08-23;293
2018-08-24;297
2018-08-25;301
2018-08-26;304
2018-08-27;304
2018-08-28;302
2018-08-29;299
2018-08-30;295
2018-08-31;293
2018-09-01;292
2018-09-02;289
2018-09-03;289
2018-09-04;297
2018-09-05;301
2018-09-06;295
2018-09-07;288
2018-09-08;283
2018-09-09;285
2018-09-10;300
2018-09-11;314
2018-09-12;327
2018-09-13;334
2018-09-14;343
2018-09-15;349
2018-09-16;346
2018-09-17;342
2018-09-18;358
2018-09-19;392
2018-09-20;415
2018-09-21;428
2018-09-22;433
2018-09-23;423
2018-09-24;403
2018-09-25;380
2018-09-26;359
2018-09-27;345
2018-09-28;334
2018-09-29;325
2018-09-30;313
2018-10-01;305
2018-10-02;297
2018-10-03;291
2018-10-04;287
2018-10-05;282
2018-10-06;278
2018-10-07;273
2018-10-08;270
2018-10-09;266
2018-10-10;263
2018-10-11;262
2018-10-12;262
2018-10-13;264
2018-10-14;267
2018-10-15;272
2018-10-16;270
2018-10-17;271
2018-10-18;269
2018-10-19;266
2018-10-20;265
2018-10-21;264
2018-10-22;262
2018-10-23;260
2018-10-24;258
2018-10-25;255
2018-10-26;255
2018-10-27;255
2018-10-28;257
2018-10-29;261
2018-10-30;265
2018-10-31;272
2018-11-01;275
2018-11-02;276
2018-11-03;276
2018-11-04;272
2018-11-05;268
2018-11-06;263
2018-11-07;256
2018-11-08;252
2018-11-09;245
2018-11-10;236
2018-11-11;236
2018-11-12;233
2018-11-13;232
2018-11-14;232
2018-11-15;231
2018-11-16;231
2018-11-17;233
2018-11-18;227
2018-11-19;225
2018-11-20;220
2018-11-21;206
2018-11-22;201
2018-11-23;201
2018-11-24;211
2018-11-25;220
2018-11-26;223
2018-11-27;221
2018-11-28;225
2018-11-29;232
2018-11-30;244
2018-12-01;249
2018-12-02;252
2018-12-03;254
2018-12-04;257
2018-12-05;259
2018-12-06;251
2018-12-07;251
2018-12-08;290
2018-12-09;296
2018-12-10;306
2018-12-11;311
2018-12-12;312
2018-12-13;312
2018-12-14;315
2018-12-15;321
2018-12-16;326
2018-12-17;324
2018-12-18;322
2018-12-19;325
2018-12-20;325
2018-12-21;323
2018-12-22;324
2018-12-23;323
2018-12-24;323
2018-12-25;317
2018-12-26;315
2018-12-27;314
2018-12-28;310
2018-12-29;309
2018-12-30;307
2018-12-31;305
2019-01-01;303
2019-01-02;301
2019-01-03;304
2019-01-04;302
2019-01-05;300
2019-01-06;300
2019-01-07;296
2019-01-08;293
2019-01-09;289
2019-01-10;287
2019-01-11;287
2019-01-12;287
2019-01-13;287
2019-01-14;287
2019-01-15;284
2019-01-16;283
2019-01-17;280
2019-01-18;279
2019-01-19;279
2019-01-20;281
2019-01-21;279
2019-01-22;279
2019-01-23;279
2019-01-24;280
2019-01-25;279
2019-01-26;282
2019-01-27;282
2019-01-28;284
2019-01-29;283
2019-01-30;283
2019-01-31;282
2019-02-01;279
2019-02-02;282
2019-02-03;285
2019-02-04;285
2019-02-05;287
2019-02-06;284
2019-02-07;283
2019-02-08;284
2019-02-09;285
2019-02-10;285
2019-02-11;285
2019-02-12;285
2019-02-13;285
2019-02-14;285
2019-02-15;283
2019-02-16;279
2019-02-17;279
2019-02-18;278
2019-02-19;280
2019-02-20;280
2019-02-21;281
2019-02-22;281
2019-02-23;280
2019-02-24;280
2019-02-25;278
2019-02-26;278
2019-02-27;280
2019-02-28;281
2019-03-01;282
2019-03-02;285
2019-03-03;288
2019-03-04;289
2019-03-05;290
2019-03-06;289
2019-03-07;289
2019-03-08;289
2019-03-09;290
2019-03-10;290
2019-03-11;290
2019-03-12;291
2019-03-13;293
2019-03-14;294
2019-03-15;293
2019-03-16;295
2019-03-17;294
2019-03-18;295
2019-03-19;296
2019-03-20;297
2019-03-21;296
2019-03-22;295
2019-03-23;295
2019-03-24;294
2019-03-25;294
2019-03-26;294
2019-03-27;291
2019-03-28;289
2019-03-29;290
2019-03-30;288
2019-03-31;289
2019-04-01;289
2019-04-02;288
2019-04-03;288
2019-04-04;287
2019-04-05;288
2019-04-06;289
2019-04-07;290
2019-04-08;291
2019-04-09;293
2019-04-10;294
2019-04-11;298
2019-04-12;297
2019-04-13;294
2019-04-14;300
2019-04-15;304
2019-04-16;309
2019-04-17;316
2019-04-18;315
2019-04-19;312
2019-04-20;312
2019-04-21;312
2019-04-22;303
2019-04-23;260
2019-04-24;248
2019-04-25;247
2019-04-26;264
2019-04-27;263
2019-04-28;262
2019-04-29;244
2019-04-30;236
2019-05-01;231
2019-05-02;241
2019-05-03;248
2019-05-04;254
2019-05-05;260
2019-05-06;271
2019-05-07;281
2019-05-08;285
2019-05-09;289
2019-05-10;287
2019-05-11;286
2019-05-12;276
2019-05-13;268
2019-05-14;260
2019-05-15;255
2019-05-16;252
2019-05-17;255
2019-05-18;267
2019-05-19;299
2019-05-20;334
2019-05-21;360
2019-05-22;392
2019-05-23;421
2019-05-24;437
2019-05-25;440
2019-05-26;457
2019-05-27;461
2019-05-28;443
2019-05-29;427
2019-05-30;413
2019-05-31;405
2019-06-01;393
2019-06-02;384
2019-06-03;380
2019-06-04;369
2019-06-05;356
2019-06-06;345
2019-06-07;336
2019-06-08;329
2019-06-09;323
2019-06-10;319
2019-06-11;314
2019-06-12;307
2019-06-13;304
2019-06-14;302
2019-06-15;303
2019-06-16;324
2019-06-17;341
2019-06-18;343
2019-06-19;341
2019-06-20;333
2019-06-21;324
2019-06-22;316
2019-06-23;309
2019-06-24;310
2019-06-25;313
2019-06-26;311
2019-06-27;311
2019-06-28;338
2019-06-29;405
2019-06-30;462
2019-07-01;498
2019-07-02;499
2019-07-03;444
2019-07-04;393
2019-07-05;369
2019-07-06;354
2019-07-07;359
2019-07-08;367
2019-07-09;377
2019-07-10;402
2019-07-11;419
2019-07-12;408
2019-07-13;388
2019-07-14;375
2019-07-15;385
2019-07-16;397
2019-07-17;395
2019-07-18;392
2019-07-19;406
2019-07-20;433
2019-07-21;455
2019-07-22;464
2019-07-23;465
2019-07-24;465
2019-07-25;484
2019-07-26;540
2019-07-27;604
2019-07-28;637
2019-07-29;672
2019-07-30;701
2019-07-31;728
2019-08-01;750
2019-08-02;765
2019-08-03;764
2019-08-04;736
2019-08-05;678
2019-08-06;627
2019-08-07;608
2019-08-08;602
2019-08-09;592
2019-08-10;577
2019-08-11;561
2019-08-12;531
2019-08-13;503
2019-08-14;465
2019-08-15;439
2019-08-16;420
2019-08-17;406
2019-08-18;393
2019-08-19;382
2019-08-20;381
2019-08-21;382
2019-08-22;392
2019-08-23;414
2019-08-24;436
2019-08-25;443
2019-08-26;437
2019-08-27;424
2019-08-28;409
2019-08-29;395
2019-08-30;379
2019-08-31;367
2019-09-01;357
2019-09-02;350
2019-09-03;344
2019-09-04;336
2019-09-05;330
2019-09-06;323
2019-09-07;318
2019-09-08;314
2019-09-09;309
2019-09-10;308
2019-09-11;309
2019-09-12;310
2019-09-13;315
2019-09-14;332
2019-09-15;362
2019-09-16;375
2019-09-17;367
2019-09-18;356
2019-09-19;355
2019-09-20;362
2019-09-21;375
2019-09-22;388
2019-09-23;397
2019-09-24;401
2019-09-25;400
2019-09-26;394
2019-09-27;386
2019-09-28;378
2019-09-29;376
2019-09-30;371
2019-10-01;363
2019-10-02;352
2019-10-03;349
2019-10-04;345
2019-10-05;340
2019-10-06;335
2019-10-07;328
2019-10-08;327
2019-10-09;327
2019-10-10;325
2019-10-11;320
2019-10-12;317
2019-10-13;316
2019-10-14;315
2019-10-15;315
2019-10-16;313
2019-10-17;311
2019-10-18;308
2019-10-19;303
2019-10-20;299
2019-10-21;294
2019-10-22;293
2019-10-23;291
2019-10-24;289
2019-10-25;287
2019-10-26;284
2019-10-27;282
2019-10-28;281
2019-10-29;279
2019-10-30;278
2019-10-31;278
2019-11-01;276
2019-11-02;274
2019-11-03;274
2019-11-04;271
2019-11-05;259
2019-11-06;250
2019-11-07;240
2019-11-08;240
2019-11-09;243
2019-11-10;251
2019-11-11;240
2019-11-12;238
2019-11-13;237
2019-11-14;226
2019-11-15;220
2019-11-16;214
2019-11-17;211
2019-11-18;214
2019-11-19;216
2019-11-20;223
2019-11-21;235
2019-11-22;254
2019-11-23;251
2019-11-24;246
2019-11-25;236
2019-11-26;242
2019-11-27;244
2019-11-28;244
2019-11-29;256
2019-11-30;262
2019-12-01;277
2019-12-02;283
2019-12-03;280
2019-12-04;283
2019-12-05;297
2019-12-06;309
2019-12-07;315
2019-12-08;320
2019-12-09;320
2019-12-10;320
2019-12-11;320
2019-12-12;320
2019-12-13;353
2019-12-14;359
2019-12-15;365
2019-12-16;376
2019-12-17;403
2019-12-18;396
2019-12-19;401
2019-12-20;403
2019-12-21;404
2019-12-22;405
2019-12-23;392
2019-12-24;388
2019-12-25;389
2019-12-26;383
2019-12-27;380
2019-12-28;378
2019-12-29;376
2019-12-30;376
2019-12-31;376
2020-01-04;366
2020-01-09;354
2020-01-14;343
2020-01-19;338
2020-01-24;336
2020-01-30;328
2020-02-04;329
2020-02-09;326
2020-02-14;321
2020-02-19;321
2020-02-24;322
2020-02-28;319
2020-03-04;320
2020-03-09;312
2020-03-14;308
2020-03-19;307
2020-03-24;308
2020-03-25;309
2020-03-26;308
2020-03-27;308
2020-03-28;308
2020-03-29;314
2020-03-30;316
2020-03-31;316
2020-04-01;316
2020-04-02;316
2020-04-03;316
2020-04-04;317
2020-04-05;318
2020-04-06;322
2020-04-07;324
2020-04-08;324
2020-04-09;328
2020-04-10;333
2020-04-11;337
2020-04-12;340
2020-04-13;345
2020-04-14;351
2020-04-15;352
2020-04-16;355
2020-04-17;344
2020-04-18;323
2020-04-19;320
2020-04-20;328
2020-04-21;322
2020-04-22;359
2020-04-23;379
2020-04-24;353
2020-04-25;366
2020-04-26;345
2020-04-27;331
2020-04-28;288
2020-04-29;277
2020-04-30;280
2020-05-01;283
2020-05-02;286
2020-05-03;293
2020-05-04;301
2020-05-05;314
2020-05-06;337
2020-05-07;344
2020-05-08;345
2020-05-09;337
2020-05-10;325
2020-05-11;311
2020-05-12;307
2020-05-13;322
2020-05-14;333
2020-05-15;351
2020-05-16;353
2020-05-17;344
2020-05-18;341
2020-05-19;374
2020-05-20;394
2020-05-21;392
2020-05-22;380
2020-05-23;365
2020-05-24;364
2020-05-25;386
2020-05-26;412
2020-05-27;419
2020-05-28;401
2020-05-29;382
2020-05-30;365
2020-05-31;354
2020-06-01;345
2020-06-02;341
2020-06-03;345
2020-06-04;384
2020-06-05;413
2020-06-06;396
2020-06-07;371
2020-06-08;354
2020-06-09;342
2020-06-10;334
2020-06-11;337
2020-06-12;362
2020-06-13;428
2020-06-14;475
2020-06-15;507
2020-06-16;508
2020-06-17;470
2020-06-18;431
2020-06-19;404
2020-06-20;383
2020-06-21;366
2020-06-22;349
2020-06-23;343
2020-06-24;357
2020-06-25;386
2020-06-26;419
2020-06-27;416
2020-06-28;393
2020-06-29;367
2020-06-30;348
2020-07-01;333
2020-07-02;320
2020-07-03;309
2020-07-04;303
2020-07-05;296
2020-07-06;291
2020-07-07;288
2020-07-08;286
2020-07-09;285
2020-07-10;284
2020-07-11;278
2020-07-12;276
2020-07-13;273
2020-07-14;272
2020-07-15;269
2020-07-16;266
2020-07-17;263
2020-07-18;263
2020-07-19;266
2020-07-20;273
2020-07-21;287
2020-07-22;305
2020-07-23;322
2020-07-24;345
2020-07-25;386
2020-07-26;411
2020-07-27;412
2020-07-28;397
2020-07-29;385
2020-07-30;372
2020-07-31;357
2020-08-01;349
2020-08-02;340
2020-08-03;341
2020-08-04;345
2020-08-05;361
2020-08-06;377
2020-08-07;385
2020-08-08;385
2020-08-09;369
2020-08-10;353
2020-08-11;342
2020-08-12;333
2020-08-13;332
2020-08-14;357
2020-08-15;401
2020-08-16;436
2020-08-17;464
2020-08-18;480
2020-08-19;489
2020-08-20;498
2020-08-21;499
2020-08-22;506
2020-08-24;527
2020-08-25;517
2020-08-26;503
2020-08-27;494
2020-08-28;488
2020-08-29;490
2020-08-30;506
2020-08-31;528
2020-09-01;531
2020-09-02;502
2020-09-03;467
2020-09-04;460
2020-09-05;462
2020-09-06;491
2020-09-07;522
2020-09-08;533
2020-09-09;542
2020-09-10;559
2020-09-11;575
2020-09-12;581
2020-09-13;566
2020-09-14;535
2020-09-15;498
2020-09-16;479
2020-09-17;447
2020-09-18;423
2020-09-19;409
2020-09-20;400
2020-09-21;394
2020-09-22;390
2020-09-23;386
2020-09-24;380
2020-09-25;373
2020-09-26;372
2020-09-27;368
2020-09-28;362
2020-09-29;370
2020-09-30;386
2020-10-01;389
2020-10-02;420
2020-10-03;431
2020-10-04;431
2020-10-05;426
2020-10-06;407
2020-10-07;393
2020-10-08;382
2020-10-09;371
2020-10-10;362
2020-10-11;353
2020-10-12;349
2020-10-13;344
2020-10-14;344
2020-10-15;347
2020-10-16;351
2020-10-17;355
2020-10-18;348
2020-10-19;341
2020-10-20;331
2020-10-21;321
2020-10-22;316
2020-10-23;310
2020-10-24;304
2020-10-25;302
2020-10-26;302
2020-10-27;301
2020-10-28;298
2020-10-29;298
2020-10-30;298
2020-10-31;293
2020-11-01;293
2020-11-02;287
2020-11-03;287
2020-11-04;294
2020-11-05;288
2020-11-06;281
2020-11-07;273
2020-11-08;270
2020-11-09;266
2020-11-10;268
2020-11-11;266
2020-11-12;261
2020-11-13;259
2020-11-15;263
2020-11-16;262
2020-11-17;259
2020-11-18;264
2020-11-19;253
2020-11-20;242
2020-11-21;238
2020-11-22;242
2020-11-23;242
2020-11-24;247
2020-11-25;243
2020-11-26;244
2020-11-27;245
2020-11-28;250
2020-11-29;250
2020-11-30;254
2020-12-01;261
2020-12-02;263
2020-12-03;269
2020-12-04;271
2020-12-05;280
2020-12-06;379
2020-12-07;381
2020-12-08;369
2020-12-09;369
2020-12-14;385
2020-12-19;381
2020-12-24;377
2020-12-30;366
2021-01-04;356
2021-01-09;352
2021-01-14;341
2021-01-19;327
2021-01-24;325
2021-01-30;322
2021-02-04;319
2021-02-09;323
2021-02-14;329
2021-02-19;324
2021-02-24;321
2021-02-27;325
2021-03-04;331
2021-03-09;330
2021-03-14;327
2021-03-19;330
2021-03-24;335
2021-03-25;333
2021-03-26;333
2021-03-27;334
2021-03-28;337
2021-03-29;341
2021-03-30;340
2021-03-31;340
2021-04-01;347
2021-04-02;352
2021-04-03;354
2021-04-04;355
2021-04-05;356
2021-04-06;360
2021-04-07;359
2021-04-08;363
2021-04-09;364
2021-04-10;364
2021-04-11;364
2021-04-12;365
2021-04-13;373
2021-04-14;378
2021-04-15;378
2021-04-16;374
2021-04-17;374
2021-04-18;374
2021-04-19;371
2021-04-20;389
2021-04-21;324
2021-04-22;298
2021-04-23;288
2021-04-24;288
2021-04-25;298
2021-04-26;307
2021-04-27;307
2021-04-28;329
2021-04-29;368
2021-04-30;369
2021-05-01;363
2021-05-02;362
2021-05-03;390
2021-05-04;421
2021-05-05;423
2021-05-06;407
2021-05-07;403
2021-05-08;401
2021-05-09;447
2021-05-10;458
2021-05-11;447
2021-05-12;430
2021-05-13;406
2021-05-14;387
2021-05-15;376
2021-05-16;382
2021-05-17;405
2021-05-18;459
2021-05-19;536
2021-05-20;580
2021-05-21;585
2021-05-22;553
2021-05-23;521
2021-05-24;490
2021-05-25;462
2021-05-26;456
2021-05-27;493
2021-05-28;554
2021-05-29;598
2021-05-30;604
2021-05-31;580
2021-06-01;526
2021-06-02;502
2021-06-03;491
2021-06-04;481
2021-06-05;468
2021-06-06;451
2021-06-07;433
2021-06-08;418
2021-06-09;404
2021-06-10;396
2021-06-11;389
2021-06-12;382
2021-06-13;379
2021-06-14;378
2021-06-15;393
2021-06-16;412
2021-06-17;412
2021-06-18;404
2021-06-19;446
2021-06-20;508
2021-06-21;552
2021-06-22;593
2021-06-23;612
2021-06-24;612
2021-06-25;587
2021-06-26;552
2021-06-27;524
2021-06-28;497
2021-06-29;480
2021-06-30;483
2021-07-01;493
2021-07-02;486
2021-07-03;470
2021-07-04;454
2021-07-05;435
2021-07-06;413
2021-07-07;396
2021-07-08;384
2021-07-09;373
2021-07-10;367
2021-07-11;362
2021-07-12;359
2021-07-13;363
2021-07-14;377
2021-07-15;402
2021-07-16;444
2021-07-17;467
2021-07-18;494
2021-07-19;529
2021-07-20;564
2021-07-21;593
2021-07-22;613
2021-07-23;609
2021-07-24;574
2021-07-25;563
2021-07-26;558
2021-07-27;539
2021-07-28;547
2021-07-29;564
2021-07-30;569
2021-07-31;556
2021-08-01;538
2021-08-02;535
2021-08-03;581
2021-08-04;626
2021-08-05;655
2021-08-06;680
2021-08-07;718
2021-08-08;738
2021-08-09;750
2021-08-10;758
2021-08-11;766
2021-08-12;774
2021-08-13;780
2021-08-14;785
2021-08-15;780
2021-08-16;753
2021-08-17;703
2021-08-18;642
2021-08-19;598
2021-08-20;572
2021-08-21;554
2021-08-22;549
2021-08-23;545
2021-08-24;555
2021-08-25;583
2021-08-26;612
2021-08-27;630
2021-08-28;645
2021-08-29;656
2021-08-30;661
2021-08-31;657
2021-09-01;644
2021-09-02;631
2021-09-03;614
2021-09-04;592
2021-09-05;566
2021-09-06;544
2021-09-07;524
2021-09-08;508
2021-09-09;498
2021-09-10;493
2021-09-11;494
2021-09-12;513
2021-09-13;530
2021-09-14;528
2021-09-15;523
2021-09-16;522
2021-09-17;518
2021-09-18;509
2021-09-19;503
2021-09-20;498
2021-09-21;496
2021-09-22;493
2021-09-23;487
2021-09-24;481
2021-09-25;479
2021-09-26;469
2021-09-27;461
2021-09-28;456
2021-09-29;454
2021-11-10;285
2021-11-11;290
2021-11-12;287
2021-11-13;288
2021-11-14;267
2021-11-15;268
2021-11-16;277
2021-11-17;291
2021-11-18;289
2021-11-19;285
2021-11-20;275
2021-11-21;283
2021-11-22;280
2021-11-23;280
2021-11-24;281
2021-11-25;293
2021-11-26;295
2021-11-27;310
2021-11-28;290
2021-11-29;288
2021-11-30;298
2022-03-30;324
2022-03-31;327
2022-04-01;329
2022-04-02;329
2022-04-03;330
2022-04-04;333
2022-04-05;333
2022-04-06;338
2022-04-07;340
2022-04-08;338
2022-04-09;334
2022-04-10;331
2022-04-11;335
2022-04-12;342
2022-04-13;347
2022-04-14;352
2022-04-15;355
2022-04-16;367
2022-04-17;370
2022-04-18;375
2022-04-19;392
2022-04-20;405
2022-04-21;418
2022-04-22;392
2022-04-23;390
2022-04-24;311
2022-04-25;297
2022-04-26;309
2022-04-27;309
2022-04-28;301
2022-04-29;300
2022-04-30;293
2022-05-01;304
2022-05-02;317
2022-05-03;281
2022-05-04;277
2022-05-05;273
2022-05-06;269
2022-05-07;270
2022-05-08;271
2022-05-09;274
2022-05-10;279
2022-05-11;281
2022-05-12;286
2022-05-13;291
2022-05-15;304
2022-05-16;329
2022-05-17;345
2022-05-18;345
2022-05-19;341
2022-05-20;334
2022-05-21;330
2022-05-22;319
2022-05-23;312
2022-05-24;311
2022-05-25;314
