Timestamp;Value
2001-01-11;354
2001-05-11;358
2001-06-11;355
2001-10-11;349
2001-10-20;405
2001-10-21;368
2001-10-22;359
2001-10-23;356
2001-10-27;356
2001-10-28;349
2001-10-29;357
2001-10-30;359
2001-10-31;358
2001-11-01;354
2001-11-05;358
2001-11-06;355
2001-11-10;349
2001-11-11;336
2001-11-12;330
2001-11-13;337
2001-11-17;350
2001-11-18;347
2001-11-19;346
2001-12-11;330
2002-03-16;405
2002-03-17;396
2002-03-18;387
2002-03-19;385
2002-03-20;379
2002-03-21;383
2002-03-22;378
2002-03-23;382
2002-03-24;379
2002-03-25;383
2002-03-26;379
2002-03-27;382
2002-03-28;381
2002-03-29;378
2002-03-30;375
2002-03-31;377
2002-04-01;374
2002-04-02;366
2002-04-03;357
2002-04-04;354
2002-04-07;342
2002-04-08;343
2002-04-09;337
2002-04-10;340
2002-04-11;344
2002-04-12;347
2002-04-13;350
2002-04-14;346
2002-04-15;343
2002-04-16;339
2002-04-17;348
2002-04-18;346
2002-04-19;342
2002-04-20;343
2002-04-21;344
2002-04-22;340
2002-04-23;344
2002-04-24;348
2002-04-25;346
2002-04-26;350
2002-04-27;346
2002-04-28;347
2002-04-29;350
2002-04-30;356
2002-05-01;352
2002-05-02;348
2002-05-03;366
2002-05-04;360
2002-05-05;374
2002-05-06;370
2002-05-07;356
2002-05-08;350
2002-05-09;346
2002-05-10;357
2002-05-11;361
2002-05-14;401
2002-05-15;393
2002-05-16;389
2002-05-17;412
2002-05-18;374
2002-05-19;377
2002-05-20;379
2002-05-21;367
2002-05-22;414
2002-05-23;401
2002-05-24;396
2002-05-25;405
2002-05-26;381
2002-05-27;371
2002-05-28;340
2002-05-29;392
2002-05-30;388
2002-05-31;409
2002-06-01;406
2002-06-02;399
2002-06-03;395
2002-06-04;391
2002-06-05;396
2002-06-06;371
2002-06-07;396
2002-06-08;373
2002-06-09;379
2002-06-10;377
2002-06-11;389
2002-06-12;408
2002-06-13;390
2002-06-14;394
2002-06-15;393
2002-06-16;394
2002-06-17;369
2002-06-18;352
2002-06-19;379
2002-06-20;381
2002-06-21;416
2002-06-22;409
2002-06-23;399
2002-06-24;381
2002-06-25;386
2002-06-26;392
2002-06-27;389
2002-06-28;372
2002-06-29;362
2002-06-30;321
2002-07-01;335
2002-07-02;345
2002-07-03;405
2002-07-04;412
2002-07-05;416
2002-07-06;396
2002-07-09;388
2002-07-10;388
2002-07-11;395
2002-07-16;420
2002-07-23;347
2002-07-26;342
2002-07-29;345
2002-07-30;339
2002-07-31;356
2002-08-01;380
2002-08-02;355
2002-08-03;373
2002-08-04;366
2002-08-05;343
2002-08-06;353
2002-08-07;360
2002-08-08;363
2002-08-09;404
2002-08-10;386
2002-08-11;379
2002-08-12;374
2002-08-13;376
2002-08-14;368
2002-08-15;363
2002-08-20;377
2002-08-21;368
2002-08-22;370
2002-08-23;379
2002-08-24;388
2002-08-25;365
2002-08-26;385
2002-08-27;415
2002-08-28;407
2002-08-29;411
2002-08-30;401
2002-08-31;406
2002-09-01;401
2002-09-02;370
2002-09-03;389
2002-09-04;392
2002-09-05;379
2002-09-06;372
2002-09-07;362
2002-09-08;347
2002-09-09;327
2002-09-10;341
2002-09-11;352
2002-09-12;355
2002-09-13;351
2002-09-14;352
2002-09-15;347
2002-09-16;350
2002-09-17;350
2002-09-18;361
2002-09-19;367
2002-09-20;364
2002-09-21;373
2002-09-22;362
2002-09-23;359
2002-09-24;351
2002-09-25;358
2002-09-26;361
2002-09-27;360
2002-09-28;366
2002-09-29;363
2002-09-30;357
2002-10-01;358
2002-10-02;353
2002-10-03;337
2002-10-04;341
2002-10-05;349
2002-10-06;341
2002-10-07;329
2002-10-08;336
2002-10-09;357
2002-10-10;361
2002-10-11;369
2002-10-12;355
2002-10-13;357
2002-10-14;339
2002-10-15;324
2002-10-16;341
2002-10-17;357
2002-10-18;359
2002-10-19;366
2002-10-20;363
2002-10-21;361
2002-10-22;358
2002-10-23;342
2002-10-24;357
2002-10-25;363
2002-10-26;361
2002-10-27;367
2002-10-28;358
2002-10-29;332
2002-10-30;357
2002-10-31;341
2002-11-01;344
2002-11-02;355
2002-11-03;347
2002-11-04;339
2002-11-05;344
2002-11-06;351
2002-11-07;347
2002-11-08;344
2002-11-09;341
2002-11-10;344
2002-11-11;347
2002-11-12;351
2002-11-15;346
2002-11-16;348
2002-11-19;339
2003-02-21;379
2003-02-22;373
2003-02-23;375
2003-02-24;377
2003-03-16;382
2003-03-17;377
2003-03-18;383
2003-03-19;386
2003-03-20;384
2003-03-26;363
2003-03-27;357
2003-03-28;359
2003-03-29;364
2003-03-30;363
2003-03-31;357
2003-04-01;364
2003-04-02;361
2003-04-03;357
2003-04-04;369
2003-04-05;356
2003-04-06;383
2003-04-07;353
2003-04-08;356
2003-04-09;353
2003-04-10;351
2003-04-11;361
2003-04-12;355
2003-04-13;352
2003-04-14;352
2003-04-15;359
2003-04-16;357
2003-04-17;354
2003-04-18;360
2003-04-19;357
2003-04-20;365
2003-04-21;369
2003-04-22;363
2003-04-23;366
2003-04-24;369
2003-04-27;374
2003-04-28;377
2003-04-29;373
2003-04-30;367
2003-05-01;350
2003-05-02;358
2003-05-03;366
2003-05-04;360
2003-05-05;357
2003-05-06;367
2003-05-07;359
2003-05-08;363
2003-05-09;375
2003-05-10;367
2003-05-11;365
2003-05-12;357
2003-05-13;361
2003-05-14;357
2003-05-15;351
2003-05-16;357
2003-05-17;364
2003-05-18;361
2003-05-19;357
2003-05-20;355
2003-05-21;368
2003-05-22;365
2003-05-23;361
2003-05-24;345
2003-05-25;338
2003-05-26;341
2003-05-27;337
2003-05-28;358
2003-05-29;329
2003-05-30;335
2003-05-31;330
2003-06-01;327
2003-06-02;319
2003-06-03;354
2003-06-04;363
2003-06-05;362
2003-06-06;359
2003-06-07;347
2003-06-08;326
2003-06-09;358
2003-06-10;353
2003-06-13;392
2003-06-14;366
2003-06-15;358
2003-06-16;354
2003-06-17;357
2003-06-18;364
2003-06-19;374
2003-06-20;367
2003-06-21;369
2003-06-22;361
2003-06-23;367
2003-06-24;381
2003-06-25;395
2003-06-26;392
2003-06-27;369
2003-06-28;367
2003-06-29;390
2003-06-30;393
2003-07-01;449
2003-07-02;486
2003-07-03;490
2003-07-04;496
2003-07-05;498
2003-07-06;506
2003-07-07;480
2003-07-08;495
2003-07-09;480
2003-07-10;449
2003-07-11;420
2003-07-12;416
2003-07-13;406
2003-07-14;385
2003-07-15;404
2003-07-24;396
2003-07-25;394
2003-07-26;397
2003-07-27;417
2003-07-28;455
2003-07-29;459
2003-07-30;481
2003-07-31;480
2003-08-01;496
2003-08-02;494
2003-08-03;506
2003-08-04;480
2003-08-05;478
2003-08-06;456
2003-08-07;445
2003-08-08;414
2003-08-09;405
2003-08-10;395
2003-08-11;379
2003-08-12;382
2003-08-13;379
2003-08-14;377
2003-08-15;379
2003-08-16;405
2003-08-17;413
2003-08-18;396
2003-08-19;395
2003-08-20;397
2003-08-21;468
2003-08-22;476
2003-08-23;422
2003-08-24;405
2003-08-25;385
2003-08-26;391
2003-08-27;369
2003-08-28;367
2003-08-29;372
2003-08-30;370
2003-08-31;368
2003-09-01;351
2003-09-02;361
2003-09-03;368
2003-09-04;371
2003-09-05;363
2003-09-06;357
2003-09-07;351
2003-09-08;328
2003-09-09;329
2003-09-10;341
2003-09-11;344
2003-09-12;342
2003-09-13;342
2003-09-14;339
2003-09-15;338
2003-09-16;346
2003-09-17;351
2003-09-18;359
2003-09-19;364
2003-09-20;397
2003-09-21;398
2003-09-22;399
2003-09-23;402
2003-09-24;398
2003-09-25;383
2003-09-26;395
2003-09-27;394
2003-09-28;377
2003-09-29;362
2003-09-30;373
2003-10-01;406
2003-10-02;379
2003-10-03;363
2003-10-04;374
2003-10-05;365
2003-10-06;342
2003-10-07;364
2003-10-08;360
2003-10-09;341
2003-10-10;349
2003-10-11;351
2003-10-12;345
2003-10-13;347
2003-10-14;341
2003-10-15;355
2003-10-16;350
2003-10-17;349
2003-10-18;345
2003-10-19;350
2003-10-20;336
2003-10-21;346
2003-10-22;361
2003-10-23;355
2003-10-24;367
2003-10-25;370
2003-10-26;355
2003-10-27;346
2003-10-28;364
2003-10-29;365
2003-11-02;349
2003-11-03;344
2003-11-04;341
2003-11-05;344
2003-11-06;340
2003-11-07;344
2003-11-08;353
2003-11-09;351
2003-11-10;347
2003-11-11;347
2003-11-12;356
2003-11-13;354
2003-11-14;352
2003-11-15;357
2003-11-16;359
2003-11-17;361
2003-11-18;369
2003-11-21;365
2003-11-22;358
2003-11-23;363
2003-11-24;369
2003-11-30;355
2003-12-01;353
2004-03-16;361
2004-03-17;362
2004-03-18;366
2004-03-19;371
2004-03-20;383
2004-03-21;374
2004-03-22;381
2004-03-23;387
2004-03-24;376
2004-03-25;371
2004-03-26;365
2004-03-27;357
2004-03-28;363
2004-03-29;369
2004-03-30;374
2004-03-31;373
2004-04-01;368
2004-04-02;383
2004-04-03;391
2004-04-04;379
2004-04-05;375
2004-04-06;371
2004-04-07;365
2004-04-08;360
2004-04-09;366
2004-04-10;368
2004-04-11;368
2004-04-12;367
2004-04-13;364
2004-04-14;367
2004-04-15;378
2004-04-16;389
2004-04-17;391
2004-04-18;381
2004-04-19;378
2004-04-20;391
2004-04-21;390
2004-04-22;387
2004-04-23;384
2004-04-24;378
2004-04-25;372
2004-04-26;369
2004-04-27;372
2004-04-28;382
2004-04-29;381
2004-04-30;385
2004-05-01;385
2004-05-02;376
2004-05-03;368
2004-05-04;367
2004-05-05;381
2004-05-06;369
2004-05-07;365
2004-05-08;371
2004-05-09;372
2004-05-10;363
2004-05-11;370
2004-05-12;360
2004-05-13;357
2004-05-14;359
2004-05-15;362
2004-05-16;353
2004-05-17;341
2004-05-18;246
2004-05-19;368
2004-05-20;371
2004-06-21;0
2004-06-22;336
2004-06-23;344
2004-06-24;354
2004-06-25;353
2004-06-26;388
2004-06-27;367
2004-06-28;360
2004-06-29;341
2004-06-30;361
2004-07-01;400
2004-07-02;379
2004-07-03;371
2004-07-04;336
2004-07-05;328
2004-07-06;321
2004-07-07;334
2004-07-08;333
2004-07-09;337
2004-07-10;351
2004-07-11;331
2004-07-12;321
2004-07-13;314
2004-07-14;324
2004-07-15;335
2004-07-16;334
2004-07-17;339
2004-07-18;342
2004-07-19;338
2004-07-20;309
2004-07-21;311
2004-07-22;308
2004-07-23;337
2004-07-24;323
2004-07-25;328
2004-07-26;331
2004-07-27;357
2004-07-28;361
2004-07-29;358
2004-07-30;351
2004-07-31;357
2004-08-01;346
2004-08-02;343
2004-08-03;340
2004-08-04;354
2004-08-05;403
2004-08-06;377
2004-08-07;388
2004-08-08;373
2004-08-09;351
2004-08-10;328
2004-08-11;359
2004-08-12;403
2004-08-13;399
2004-08-14;419
2004-08-15;395
2004-08-16;376
2004-08-17;349
2004-08-18;361
2004-08-19;348
2004-08-20;339
2004-08-21;331
2004-08-22;328
2004-08-23;324
2004-08-24;320
2004-08-25;324
2004-08-26;325
2004-08-27;351
2004-08-28;354
2004-08-29;351
2004-08-30;347
2004-08-31;381
2004-09-01;424
2004-09-02;486
2004-09-03;472
2004-09-04;422
2004-09-05;385
2004-09-06;377
2004-09-07;375
2004-09-08;389
2004-09-09;379
2004-09-10;380
2004-09-11;377
2004-09-12;369
2004-09-13;366
2004-09-14;356
2004-09-15;350
2004-09-16;347
2004-09-17;347
2004-09-18;341
2004-09-19;354
2004-09-20;356
2004-09-21;347
2004-09-22;356
2004-09-23;347
2004-09-24;344
2004-09-25;344
2004-09-26;341
2004-09-27;322
2004-09-28;330
2004-09-29;339
2004-09-30;414
2004-10-01;480
2004-10-02;465
2004-10-03;406
2004-10-04;388
2004-10-05;399
2004-10-06;411
2004-10-07;403
2004-10-08;407
2004-10-09;402
2004-10-10;386
2004-10-11;366
2004-10-12;329
2004-10-13;337
2004-10-14;334
2004-10-15;332
2004-10-16;331
2004-10-17;381
2004-10-18;378
2004-10-19;371
2004-10-20;382
2004-10-21;389
2004-10-22;359
2004-10-23;346
2004-10-24;349
2004-10-25;355
2004-10-26;361
2004-10-27;357
2004-10-28;354
2004-10-29;353
2004-10-30;346
2004-10-31;342
2004-11-01;334
2004-11-02;330
2004-11-03;323
2004-11-04;330
2004-11-05;326
2004-11-06;314
2004-11-07;309
2004-11-08;308
2004-11-09;308
2004-11-10;315
2004-11-11;317
2004-11-12;313
2004-11-13;315
2004-11-14;334
2004-11-15;345
2004-11-16;341
2004-11-17;344
2004-11-18;356
2004-11-19;359
2004-11-20;363
2004-11-21;366
2004-11-22;361
2004-11-23;358
2004-11-24;369
2004-11-25;368
2004-11-26;375
2004-11-27;379
2004-11-28;384
2004-11-29;377
2004-11-30;380
2005-03-16;354
2005-03-17;353
2005-03-18;360
2005-03-19;360
2005-03-20;354
2005-03-21;367
2005-03-22;364
2005-03-23;360
2005-03-24;357
2005-03-25;352
2005-03-26;359
2005-03-27;356
2005-03-28;372
2005-03-29;377
2005-03-30;371
2005-03-31;366
2005-04-01;361
2005-04-02;360
2005-04-03;358
2005-04-04;353
2005-04-05;361
2005-04-06;369
2005-04-07;372
2005-04-08;367
2005-04-09;364
2005-04-10;361
2005-04-11;356
2005-04-12;372
2005-04-13;364
2005-04-14;360
2005-04-15;358
2005-04-16;362
2005-04-17;360
2005-04-18;356
2005-04-19;351
2005-04-20;356
2005-04-21;364
2005-04-22;371
2005-04-23;377
2005-04-24;384
2005-04-25;380
2005-04-26;372
2005-04-27;367
2005-04-28;382
2005-04-29;384
2005-04-30;381
2005-05-01;389
2005-05-02;385
2005-05-03;403
2005-05-04;401
2005-05-05;415
2005-05-06;423
2005-05-07;415
2005-05-08;410
2005-05-09;407
2005-05-10;420
2005-05-11;415
2005-05-12;411
2005-05-13;420
2005-05-14;416
2005-05-15;422
2005-05-16;422
2005-05-17;411
2005-05-18;405
2005-05-19;400
2005-05-20;435
2005-05-21;425
2005-05-22;412
2005-05-23;403
2005-05-24;412
2005-05-25;407
2005-05-26;405
2005-05-27;405
2005-05-28;417
2005-05-29;407
2005-05-30;405
2005-05-31;398
2005-06-01;407
2005-06-02;419
2005-06-03;401
2005-06-04;377
2005-06-05;371
2005-06-06;364
2005-06-07;361
2005-06-08;369
2005-06-09;371
2005-06-10;401
2005-06-11;407
2005-06-12;399
2005-06-13;372
2005-06-14;368
2005-06-15;369
2005-06-16;377
2005-06-17;450
2005-06-18;461
2005-06-28;405
2005-06-29;405
2005-06-30;387
2005-07-01;379
2005-07-02;369
2005-07-03;350
2005-07-04;331
2005-07-05;362
2005-07-06;411
2005-07-07;456
2005-07-08;468
2005-07-09;455
2005-07-10;423
2005-07-11;406
2005-07-12;401
2005-07-13;395
2005-07-14;378
2005-07-15;385
2005-07-16;379
2005-07-17;370
2005-07-18;354
2005-07-19;350
2005-07-20;353
2005-07-21;356
2005-07-22;334
2005-07-23;327
2005-07-24;324
2005-07-25;324
2005-07-26;328
2005-07-27;338
2005-07-28;338
2005-07-29;339
2005-07-30;313
2005-07-31;311
2005-08-01;315
2005-08-02;332
2005-08-03;342
2005-08-04;332
2005-08-05;327
2005-08-06;316
2005-08-07;342
2005-08-08;334
2005-08-09;332
2005-08-10;369
2005-08-11;360
2005-08-12;351
2005-08-13;362
2005-08-14;377
2005-08-15;381
2005-08-16;376
2005-08-17;360
2005-08-18;358
2005-08-19;360
2005-08-20;381
2005-08-21;383
2005-08-22;364
2005-08-23;354
2005-08-24;356
2005-08-25;358
2005-08-26;355
2005-08-27;330
2005-08-28;330
2005-08-29;320
2005-08-30;331
2005-08-31;360
2005-09-01;418
2005-09-02;415
2005-09-06;404
2005-09-07;392
2005-09-08;385
2005-09-09;407
2005-09-10;395
2005-09-11;396
2005-09-12;389
2005-09-13;424
2005-09-14;413
2005-09-15;383
2005-09-16;377
2005-09-17;375
2005-09-18;356
2005-09-19;356
2005-09-20;359
2005-09-21;357
2005-09-22;352
2005-09-23;357
2005-09-24;354
2005-09-25;344
2005-09-26;325
2005-09-27;346
2005-09-28;340
2005-09-29;341
2005-09-30;346
2005-10-01;363
2005-10-02;358
2005-10-03;346
2005-10-04;344
2005-10-05;341
2005-10-06;345
2005-10-07;350
2005-10-08;350
2005-10-09;340
2005-10-10;339
2005-10-11;358
2005-10-12;359
2005-10-13;281
2005-10-14;347
2005-10-15;351
2005-10-16;354
2005-10-17;357
2005-10-18;356
2005-10-19;373
2005-10-20;366
2005-10-21;367
2005-10-22;363
2005-10-23;361
2005-10-24;349
2005-10-25;346
2005-10-26;348
2005-10-27;343
2005-10-28;340
2005-10-29;343
2005-10-30;324
2005-10-31;326
2005-11-01;327
2005-11-02;364
2005-11-03;360
2005-11-04;367
2005-11-05;362
2005-11-06;356
2005-11-07;348
2005-11-08;324
2005-11-09;352
2005-11-10;363
2005-11-11;372
2005-11-12;360
2005-11-13;362
2005-11-14;360
2005-11-15;356
2005-11-16;362
2005-11-17;376
2005-11-18;381
2005-11-19;382
2005-11-20;386
2005-11-21;389
2005-11-22;392
2005-11-23;387
2006-03-16;353
2006-03-17;381
2006-03-18;380
2006-03-19;373
2006-03-20;364
2006-03-21;360
2006-03-22;363
2006-03-23;367
2006-03-24;356
2006-03-25;355
2006-03-26;367
2006-03-27;372
2006-03-28;377
2006-03-29;366
2006-03-30;360
2006-03-31;358
2006-04-01;368
2006-04-02;372
2006-04-03;372
2006-04-04;370
2006-04-05;377
2006-04-06;374
2006-04-07;361
2006-04-08;358
2006-04-09;354
2006-04-10;364
2006-04-26;332
2006-04-27;347
2006-04-28;361
2006-04-29;369
2006-04-30;374
2006-05-01;380
2006-05-02;391
2006-05-03;386
2006-05-04;382
2006-05-05;377
2006-05-06;370
2006-05-07;406
2006-05-08;405
2006-05-09;407
2006-05-10;401
2006-05-11;412
2006-05-12;409
2006-05-13;399
2006-05-14;407
2006-05-15;411
2006-05-16;409
2006-05-17;405
2006-05-18;407
2006-05-19;419
2006-05-20;427
2006-05-21;433
2006-05-22;421
2006-06-01;401
2006-06-02;404
2006-06-03;349
2006-06-04;398
2006-06-05;405
2006-06-06;423
2006-06-07;445
2006-06-08;429
2006-06-09;435
2006-06-10;496
2006-06-11;488
2006-06-12;462
2006-06-13;454
2006-06-14;446
2006-06-15;492
2006-06-16;500
2006-06-17;501
2006-06-18;640
2006-06-19;516
2006-06-20;479
2006-06-21;449
2006-06-22;426
2006-06-23;405
2006-06-24;386
2006-06-25;377
2006-06-26;373
2006-06-27;377
2006-06-28;380
2006-06-29;401
2006-06-30;396
2006-07-01;376
2006-07-02;380
2006-07-03;379
2006-07-04;375
2006-07-05;379
2006-07-06;395
2006-07-07;392
2006-07-08;395
2006-07-09;400
2006-07-10;405
2006-07-11;391
2006-07-12;376
2006-07-13;377
2006-07-14;385
2006-07-15;411
2006-07-16;460
2006-07-17;465
2006-07-18;469
2006-07-19;429
2006-07-20;406
2006-07-21;425
2006-07-22;425
2006-07-23;395
2006-07-24;376
2006-07-25;394
2006-07-26;388
2006-07-27;380
2006-07-28;387
2006-07-29;385
2006-07-30;389
2006-07-31;384
2006-08-01;393
2006-08-02;394
2006-08-03;401
2006-08-04;389
2006-08-05;392
2006-08-06;389
2006-08-07;385
2006-08-08;395
2006-08-09;384
2006-08-10;406
2006-08-11;507
2006-08-12;489
2006-08-13;474
2006-08-14;415
2006-08-15;404
2006-08-16;405
2006-08-17;418
2006-08-18;396
2006-08-19;388
2006-08-20;402
2006-08-21;411
2006-08-22;412
2006-08-23;498
2006-08-26;0
2006-08-27;472
2006-08-28;485
2006-08-29;497
2006-08-30;491
2006-08-31;510
2006-09-01;524
2006-09-02;523
2006-09-03;582
2006-09-04;646
2006-09-05;646
2006-09-06;629
2006-09-07;622
2006-09-08;668
2006-09-09;672
2006-09-10;669
2006-09-11;684
2006-09-12;686
2006-09-13;673
2006-09-14;642
2006-09-15;636
2006-09-16;632
2006-09-17;623
2006-09-18;616
2006-09-19;620
2006-09-20;628
2006-09-21;635
2006-09-22;629
2006-09-23;616
2006-09-24;600
2006-09-25;593
2006-09-26;600
2006-09-27;602
2006-09-28;601
2006-09-29;603
2006-09-30;597
2006-10-01;588
2006-10-02;595
2006-10-03;590
2006-10-04;603
2006-10-05;598
2006-10-06;602
2006-10-07;592
2006-10-08;541
2006-10-09;527
2006-10-10;572
2006-10-11;599
2006-10-12;590
2006-10-13;589
2006-10-14;574
2006-10-15;479
2006-10-16;413
2006-10-17;581
2006-10-18;469
2006-10-19;443
2006-10-20;442
2006-10-21;442
2006-10-22;413
2006-10-23;395
2006-10-24;425
2006-10-25;426
2006-10-26;377
2006-10-27;382
2006-10-28;377
2006-10-29;390
2006-10-30;370
2006-10-31;370
2006-11-01;372
2006-11-02;371
2006-11-03;384
2006-11-04;385
2006-11-05;361
2006-11-06;382
2006-11-07;390
2006-11-08;393
2006-11-09;396
2006-11-10;0
2006-11-11;0
2006-11-12;416
2006-11-13;391
2006-11-14;354
2006-11-15;355
2006-11-16;368
2006-11-17;360
2006-11-18;350
2006-11-19;359
2006-11-20;366
2006-11-21;386
2007-03-16;474
2007-03-17;468
2007-03-18;462
2007-03-19;459
2007-03-20;472
2007-03-21;468
2007-03-22;462
2007-03-23;465
2007-03-24;460
2007-03-25;468
2007-03-26;469
2007-03-27;468
2007-03-28;465
2007-03-29;462
2007-03-30;459
2007-03-31;458
2007-04-01;454
2007-04-02;459
2007-04-03;455
2007-04-04;411
2007-04-05;403
2007-04-06;395
2007-04-07;399
2007-04-08;404
2007-04-09;402
2007-04-10;399
2007-04-11;405
2007-04-12;411
2007-04-13;412
2007-04-14;408
2007-04-15;399
2007-04-16;389
2007-04-17;404
2007-04-18;387
2007-04-19;379
2007-04-20;382
2007-04-21;379
2007-04-22;396
2007-04-23;417
2007-04-24;419
2007-04-25;412
2007-04-26;409
2007-04-27;406
2007-04-28;401
2007-04-29;377
2007-04-30;336
2007-05-01;324
2007-05-02;360
2007-05-03;380
2007-05-04;395
2007-05-05;379
2007-05-06;391
2007-05-07;389
2007-05-08;376
2007-05-09;405
2007-05-10;421
2007-05-11;406
2007-05-12;424
2007-05-13;452
2007-05-14;461
2007-05-15;500
2007-05-16;521
2007-05-17;470
2007-05-18;482
2007-05-19;482
2007-05-20;477
2007-05-21;454
2007-05-22;458
2007-05-23;453
2007-05-24;425
2007-05-25;411
2007-05-26;412
2007-05-27;510
2007-05-28;573
2007-05-29;521
2007-05-30;487
2007-05-31;470
2007-06-01;419
2007-06-02;421
2007-06-03;459
2007-06-04;479
2007-06-05;497
2007-06-06;493
2007-06-07;504
2007-06-08;519
2007-06-09;494
2007-06-10;493
2007-06-11;464
2007-06-12;462
2007-06-13;461
2007-06-14;506
2007-06-15;587
2007-06-16;531
2007-06-17;495
2007-06-18;491
2007-06-19;479
2007-06-20;468
2007-06-23;0
2007-06-24;501
2007-06-25;487
2007-06-26;477
2007-06-27;523
2007-06-28;573
2007-06-29;572
2007-06-30;574
2007-07-01;537
2007-07-02;523
2007-07-03;487
2007-07-04;476
2007-07-05;455
2007-07-06;460
2007-07-07;476
2007-07-08;468
2007-07-09;445
2007-07-10;491
2007-07-11;481
2007-07-12;543
2007-07-13;551
2007-07-14;620
2007-07-15;644
2007-07-16;652
2007-07-17;658
2007-07-18;658
2007-07-19;653
2007-07-20;746
2007-07-21;860
2007-07-22;864
2007-07-23;842
2007-07-24;867
2007-07-25;870
2007-07-26;867
2007-07-27;866
2007-07-28;850
2007-07-29;837
2007-07-30;824
2007-07-31;840
2007-08-01;832
2007-08-02;834
2007-08-03;830
2007-08-04;828
2007-08-05;827
2007-08-06;778
2007-08-07;768
2007-08-08;765
2007-08-09;764
2007-08-10;770
2007-08-11;770
2007-08-12;740
2007-08-13;734
2007-08-14;719
2007-08-15;493
2007-08-16;476
2007-08-17;450
2007-08-18;450
2007-08-19;679
2007-08-20;721
2007-08-21;732
2007-08-22;735
2007-08-23;730
2007-08-24;750
2007-08-25;758
2007-08-26;756
2007-08-27;757
2007-08-28;769
2007-08-29;763
2007-08-30;764
2007-08-31;762
2007-09-01;759
2007-09-02;736
2007-09-03;741
2007-09-04;756
2007-09-05;756
2007-09-06;738
2007-09-07;735
2007-09-08;734
2007-09-09;733
2007-09-10;735
2007-09-11;733
2007-09-12;731
2007-09-13;733
2007-09-14;737
2007-09-15;734
2007-09-16;732
2007-09-17;733
2007-09-18;730
2007-09-19;731
2007-09-20;735
2007-09-21;706
2007-09-22;648
2007-09-23;648
2007-09-24;630
2007-09-25;647
2007-09-26;623
2007-09-27;625
2007-09-28;625
2007-09-29;636
2007-09-30;633
2007-10-01;633
2007-10-02;640
2007-10-03;623
2007-10-04;498
2007-10-05;513
2007-10-06;487
2007-10-07;518
2007-10-08;484
2007-10-09;485
2007-10-10;488
2007-10-11;487
2007-10-12;498
2007-10-13;518
2007-10-14;497
2007-10-15;488
2007-10-16;449
2007-10-17;401
2007-10-18;397
2007-10-19;475
2007-10-20;493
2007-10-21;380
2007-10-22;378
2007-10-23;378
2007-10-24;379
2007-10-25;389
2007-10-26;382
2007-10-27;361
2007-10-28;372
2007-10-29;362
2007-10-30;361
2007-10-31;368
2007-11-01;380
2007-11-02;307
2007-11-03;387
2007-11-06;310
2007-11-07;302
2007-11-08;358
2007-11-09;386
2007-11-10;395
2007-11-11;409
2007-11-12;385
2007-11-13;400
2007-11-14;405
2007-11-15;395
2007-11-16;397
2007-11-17;397
2007-11-18;397
2007-11-19;397
2007-11-20;452
2007-11-21;400
2007-11-22;398
2007-11-23;400
2008-01-01;601
2008-01-02;560
2008-01-03;528
2008-01-04;548
2008-01-05;567
2008-01-06;565
2008-01-07;572
2008-01-08;568
2008-01-09;565
2008-01-10;581
2008-01-11;572
2008-01-12;584
2008-01-13;582
2008-01-14;580
2008-01-15;582
2008-01-16;568
2008-01-17;567
2008-01-18;551
2008-01-19;557
2008-01-20;552
2008-01-21;535
2008-01-22;557
2008-01-23;548
2008-01-24;552
2008-01-25;558
2008-01-26;562
2008-01-27;553
2008-01-28;533
2008-01-29;532
2008-01-30;537
2008-01-31;535
2008-02-01;527
2008-02-02;524
2008-02-03;526
2008-02-04;523
2008-02-05;515
2008-02-06;514
2008-02-07;506
2008-02-08;495
2008-02-09;490
2008-02-10;491
2008-02-11;488
2008-02-12;483
2008-02-13;487
2008-02-14;493
2008-02-15;494
2008-02-16;495
2008-02-17;493
2008-02-18;494
2008-02-19;493
2008-02-20;494
2008-02-21;493
2008-02-22;496
2008-02-23;497
2008-02-24;495
2008-02-25;497
2008-02-26;493
2008-02-27;493
2008-02-28;493
2008-02-29;495
2008-03-01;495
2008-03-02;492
2008-03-03;481
2008-03-04;475
2008-03-05;477
2008-03-06;475
2008-03-07;479
2008-03-08;489
2008-03-09;492
2008-03-10;500
2008-03-11;491
2008-03-12;476
2008-03-13;490
2008-03-14;502
2008-03-15;491
2008-03-16;463
2008-03-17;448
2008-03-18;456
2008-03-19;472
2008-03-20;475
2008-03-21;520
2008-03-22;480
2008-03-23;470
2008-03-24;453
2008-03-25;468
2008-03-26;469
2008-03-27;449
2008-03-28;425
2008-03-29;420
2008-03-30;411
2008-03-31;385
2008-04-01;396
2008-04-02;390
2008-04-03;398
2008-04-04;434
2008-04-05;441
2008-04-06;429
2008-04-07;418
2008-04-08;424
2008-04-09;420
2008-04-10;416
2008-04-11;426
2008-04-12;417
2008-04-13;420
2008-04-14;419
2008-04-15;427
2008-04-16;422
2008-04-17;414
2008-04-18;414
2008-04-19;406
2008-04-20;410
2008-04-21;387
2008-04-22;341
2008-04-23;326
2008-04-24;327
2008-04-25;334
2008-04-26;328
2008-04-27;330
2008-04-28;364
2008-04-29;389
2008-04-30;397
2008-05-01;397
2008-05-02;386
2008-05-03;384
2008-05-04;393
2008-05-05;397
2008-05-06;413
2008-05-07;399
2008-05-08;415
2008-05-09;434
2008-05-10;416
2008-05-11;413
2008-05-12;415
2008-05-13;409
2008-05-14;412
2008-05-15;386
2008-05-16;406
2008-05-17;406
2008-05-18;405
2008-05-19;397
2008-05-20;422
2008-05-21;412
2008-05-22;419
2008-05-23;405
2008-05-24;399
2008-05-25;395
2008-05-26;390
2008-05-27;389
2008-05-28;371
2008-05-29;395
2008-05-30;402
2008-05-31;382
2008-06-01;394
2008-06-02;434
2008-06-03;454
2008-06-04;441
2008-06-05;418
2008-06-06;404
2008-06-07;399
2008-06-08;405
2008-06-09;394
2008-06-10;411
2008-06-11;411
2008-06-12;396
2008-06-13;381
2008-06-14;375
2008-06-15;382
2008-06-16;396
2008-06-17;388
2008-06-18;379
2008-06-19;353
2008-06-20;336
2008-06-21;341
2008-06-22;385
2008-06-23;381
2008-06-24;345
2008-06-25;341
2008-06-26;327
2008-06-27;328
2008-06-28;330
2008-06-29;332
2008-06-30;329
2008-07-01;324
2008-07-02;330
2008-07-03;294
2008-07-04;297
2008-07-05;324
2008-07-06;327
2008-07-07;338
2008-07-08;342
2008-07-09;340
2008-07-10;336
2008-07-11;339
2008-07-12;333
2008-07-13;338
2008-07-14;360
2008-07-15;459
2008-07-16;470
2008-07-17;446
2008-07-18;395
2008-07-19;372
2008-07-20;352
2008-07-21;343
2008-07-22;343
2008-07-23;396
2008-07-24;386
2008-07-25;379
2008-07-26;394
2008-07-27;398
2008-07-28;393
2008-07-29;406
2008-07-30;402
2008-07-31;433
2008-08-01;443
2008-08-02;424
2008-08-03;410
2008-08-04;405
2008-08-05;399
2008-08-06;396
2008-08-07;398
2008-08-08;394
2008-08-09;405
2008-08-10;392
2008-08-11;385
2008-08-12;396
2008-08-13;388
2008-08-14;390
2008-08-15;391
2008-08-16;390
2008-08-17;384
2008-08-18;375
2008-08-19;375
2008-08-20;390
2008-08-21;393
2008-08-22;380
2008-08-23;371
2008-08-24;376
2008-08-25;389
2008-08-26;432
2008-08-27;465
2008-08-28;459
2008-08-29;421
2008-08-30;439
2008-08-31;443
2008-09-01;443
2008-09-02;458
2008-09-03;515
2008-09-04;502
2008-09-05;469
2008-09-06;449
2008-09-07;439
2008-09-08;432
2008-09-09;443
2008-09-10;439
2008-09-11;435
2008-09-12;431
2008-09-13;467
2008-09-14;415
2008-09-15;417
2008-09-16;427
2008-09-17;457
2008-09-18;492
2008-09-19;487
2008-09-20;471
2008-09-21;443
2008-09-22;435
2008-09-23;439
2008-09-24;442
2008-09-25;434
2008-09-26;470
2008-09-27;473
2008-09-28;472
2008-09-29;464
2008-09-30;460
2008-10-01;437
2008-10-02;440
2008-10-03;407
2008-10-04;394
2008-10-05;405
2008-10-06;390
2008-10-07;429
2008-10-08;438
2008-10-09;433
2008-10-10;438
2008-10-11;414
2008-10-12;400
2008-10-13;427
2008-10-14;398
2008-10-15;388
2008-10-16;375
2008-10-17;379
2008-10-18;422
2008-10-19;431
2008-10-20;424
2008-10-21;423
2008-10-22;423
2008-10-23;418
2008-10-24;362
2008-10-25;349
2008-10-26;383
2008-10-27;412
2008-10-28;406
2008-10-29;388
2008-10-30;371
2008-10-31;355
2008-11-01;353
2008-11-02;429
2008-11-03;428
2008-11-04;414
2008-11-05;419
2008-11-06;419
2008-11-07;423
2008-11-08;415
2008-11-09;403
2008-11-10;411
2008-11-11;444
2008-11-12;409
2008-11-13;382
2008-11-14;393
2008-11-15;405
2008-11-16;415
2008-11-17;381
2008-11-18;394
2008-11-19;399
2008-11-20;414
2008-11-21;413
2008-11-22;405
2008-11-23;394
2008-11-24;402
2008-11-25;406
2008-11-26;411
2008-11-27;411
2008-11-28;409
2008-11-29;411
2008-11-30;410
2008-12-01;412
2008-12-02;424
2008-12-03;393
2008-12-04;392
2008-12-05;440
2008-12-06;564
2008-12-07;561
2008-12-08;563
2008-12-09;594
2008-12-10;589
2008-12-11;576
2008-12-12;589
2008-12-13;568
2008-12-14;590
2008-12-15;572
2008-12-16;588
2008-12-17;571
2008-12-18;571
2008-12-19;574
2008-12-20;571
2008-12-21;576
2008-12-22;571
2008-12-23;567
2008-12-24;573
2008-12-25;561
2008-12-26;578
2008-12-27;570
2008-12-28;552
2008-12-29;553
2008-12-30;557
2008-12-31;543
2009-01-01;557
2009-01-02;544
2009-01-03;529
2009-01-04;537
2009-01-05;529
2009-01-06;550
2009-01-07;564
2009-01-08;550
2009-01-09;548
2009-01-10;549
2009-01-11;563
2009-01-12;556
2009-01-13;534
2009-01-14;529
2009-01-15;536
2009-01-16;537
2009-01-17;530
2009-01-18;524
2009-01-19;517
2009-01-20;511
2009-01-21;532
2009-01-22;557
2009-01-23;547
2009-01-24;548
2009-01-25;555
2009-01-26;554
2009-01-27;563
2009-01-28;566
2009-01-29;558
2009-01-30;559
2009-01-31;554
2009-02-01;547
2009-02-02;536
2009-02-03;551
2009-02-04;554
2009-02-05;551
2009-02-06;556
2009-02-07;545
2009-02-08;536
2009-02-09;528
2009-02-10;546
2009-02-11;545
2009-02-12;547
2009-02-13;557
2009-02-14;546
2009-02-15;554
2009-02-16;538
2009-02-17;548
2009-02-18;551
2009-02-19;574
2009-02-20;570
2009-02-21;558
2009-02-22;560
2009-02-23;556
2009-02-24;556
2009-02-25;559
2009-02-26;566
2009-02-27;570
2009-02-28;565
2009-03-01;548
2009-03-02;542
2009-03-03;565
2009-03-04;571
2009-03-05;570
2009-03-06;564
2009-03-07;576
2009-03-08;569
2009-03-09;564
2009-03-10;568
2009-03-11;584
2009-03-12;580
2009-03-13;578
2009-03-14;574
2009-03-15;587
2009-03-16;588
2009-03-17;588
2009-03-18;589
2009-03-19;582
2009-03-20;586
2009-03-21;594
2009-03-22;601
2009-03-23;602
2009-03-24;589
2009-03-25;599
2009-03-26;593
2009-03-27;587
2009-03-28;592
2009-03-29;590
2009-03-30;561
2009-03-31;520
2009-04-01;472
2009-04-02;393
2009-04-03;360
2009-04-04;351
2009-04-05;273
2009-04-06;279
2009-04-07;292
2009-04-08;291
2009-04-09;293
2009-04-10;282
2009-04-11;305
2009-04-12;416
2009-04-13;443
2009-04-14;437
2009-04-15;467
2009-04-16;482
2009-04-17;493
2009-04-18;487
2009-04-19;470
2009-04-20;441
2009-04-21;374
2009-04-22;345
2009-04-23;368
2009-04-24;395
2009-04-25;458
2009-04-26;467
2009-04-27;471
2009-04-28;464
2009-04-29;496
2009-04-30;472
2009-05-01;477
2009-05-02;507
2009-05-03;500
2009-05-04;477
2009-05-05;476
2009-05-06;480
2009-05-07;477
2009-05-08;473
2009-05-09;472
2009-05-10;471
2009-05-11;463
2009-05-12;459
2009-05-13;450
2009-05-14;468
2009-05-15;456
2009-05-16;453
2009-05-17;442
2009-05-18;448
2009-05-19;466
2009-05-20;455
2009-05-21;456
2009-05-22;447
2009-05-23;441
2009-05-24;446
2009-05-25;442
2009-05-26;434
2009-05-27;436
2009-05-28;436
2009-05-29;441
2009-05-30;444
2009-05-31;440
2009-06-01;478
2009-06-02;506
2009-06-03;462
2009-06-04;378
2009-06-05;515
2009-06-06;506
2009-06-07;504
2009-06-08;504
2009-06-09;509
2009-06-10;523
2009-06-11;550
2009-06-12;541
2009-06-13;551
2009-06-14;566
2009-06-15;542
2009-06-16;529
2009-06-17;528
2009-06-18;507
2009-06-19;505
2009-06-20;504
2009-06-21;540
2009-06-22;541
2009-06-23;537
2009-06-24;469
2009-06-25;467
2009-06-26;452
2009-06-27;481
2009-06-28;440
2009-06-29;432
2009-06-30;452
2009-07-01;441
2009-07-02;412
2009-07-03;409
2009-07-04;411
2009-07-05;402
2009-07-06;403
2009-07-07;414
2009-07-08;434
2009-07-09;454
2009-07-10;496
2009-07-11;495
2009-07-12;447
2009-07-13;436
2009-07-14;434
2009-07-15;446
2009-07-16;438
2009-07-17;407
2009-07-18;414
2009-07-19;401
2009-07-20;394
2009-07-21;401
2009-07-22;403
2009-07-23;392
2009-07-24;389
2009-07-25;392
2009-07-26;377
2009-07-27;328
2009-07-28;376
2009-07-29;397
2009-07-30;390
2009-07-31;388
2009-08-01;390
2009-08-02;393
2009-08-03;427
2009-08-04;490
2009-08-05;502
2009-08-06;474
2009-08-07;474
2009-08-08;462
2009-08-09;447
2009-08-10;441
2009-08-11;459
2009-08-12;464
2009-08-13;466
2009-08-14;498
2009-08-15;496
2009-08-16;435
2009-08-17;386
2009-08-18;422
2009-08-19;446
2009-08-20;430
2009-08-21;481
2009-08-22;551
2009-08-23;551
2009-08-24;502
2009-08-25;476
2009-08-26;468
2009-08-27;470
2009-08-28;499
2009-08-29;518
2009-08-30;502
2009-08-31;477
2009-09-01;463
2009-09-02;456
2009-09-03;449
2009-09-04;445
2009-09-05;530
2009-09-06;548
2009-09-07;551
2009-09-08;584
2009-09-09;612
2009-09-10;597
2009-09-11;559
2009-09-12;520
2009-09-13;520
2009-09-14;503
2009-09-15;488
2009-09-16;484
2009-09-17;478
2009-09-18;481
2009-09-19;490
2009-09-20;482
2009-09-21;474
2009-09-22;472
2009-09-23;483
2009-09-24;497
2009-09-25;505
2009-09-26;527
2009-09-27;521
2009-09-28;505
2009-09-29;504
2009-09-30;492
2009-10-01;484
2009-10-02;478
2009-10-03;471
2009-10-04;494
2009-10-05;505
2009-10-06;513
2009-10-07;486
2009-10-08;473
2009-10-09;468
2009-10-10;472
2009-10-11;469
2009-10-12;468
2009-10-13;460
2009-10-14;471
2009-10-15;456
2009-10-16;451
2009-10-17;451
2009-10-18;402
2009-10-19;401
2009-10-20;445
2009-10-21;454
2009-10-22;454
2009-10-23;438
2009-10-24;445
2009-10-25;451
2009-10-26;440
2009-10-27;439
2009-10-28;443
2009-10-29;445
2009-10-30;438
2009-10-31;444
2009-11-01;440
2009-11-02;416
2009-11-03;411
2009-11-04;409
2009-11-05;407
2009-11-06;388
2009-11-07;393
2009-11-08;385
2009-11-09;386
2009-11-10;398
2009-11-11;409
2009-11-12;406
2009-11-13;411
2009-11-14;407
2009-11-15;411
2009-11-16;407
2009-11-17;412
2009-11-18;406
2009-11-19;410
2009-11-20;413
2009-11-21;424
2009-11-22;419
2009-11-23;426
2009-11-24;420
2009-11-25;423
2009-11-26;441
2009-11-27;464
2009-11-28;506
2009-11-29;533
2009-11-30;551
2009-12-01;578
2009-12-02;624
2009-12-03;613
2009-12-04;635
2009-12-05;640
2009-12-06;633
2009-12-07;618
2009-12-08;607
2009-12-09;628
2009-12-10;626
2009-12-11;571
2009-12-12;576
2009-12-13;570
2009-12-14;549
2009-12-15;557
2009-12-16;565
2009-12-17;572
2009-12-18;564
2009-12-19;558
2009-12-20;619
2009-12-21;622
2009-12-22;608
2009-12-23;593
2009-12-24;607
2009-12-25;605
2009-12-26;620
2009-12-27;608
2009-12-28;608
2009-12-29;610
2009-12-30;609
2009-12-31;606
2010-01-01;584
2010-01-02;572
2010-01-03;585
2010-01-04;589
2010-01-05;598
2010-01-06;584
2010-01-07;588
2010-01-08;597
2010-01-09;596
2010-01-10;594
2010-01-11;581
2010-01-12;589
2010-01-13;606
2010-01-14;615
2010-01-15;609
2010-01-16;613
2010-01-17;580
2010-01-18;579
2010-01-19;585
2010-01-20;588
2010-01-21;593
2010-01-22;592
2010-01-23;586
2010-01-24;575
2010-01-25;571
2010-01-26;565
2010-01-27;574
2010-01-28;587
2010-01-29;564
2010-01-30;579
2010-01-31;575
2010-02-01;555
2010-02-02;572
2010-02-03;586
2010-02-04;593
2010-02-05;584
2010-02-06;583
2010-02-07;578
2010-02-08;567
2010-02-09;565
2010-02-10;570
2010-02-11;577
2010-02-12;577
2010-02-13;575
2010-02-14;570
2010-02-15;575
2010-02-16;577
2010-02-17;566
2010-02-18;571
2010-02-19;562
2010-02-20;560
2010-02-21;558
2010-02-22;563
2010-02-23;566
2010-02-24;568
2010-02-25;566
2010-02-26;562
2010-02-27;558
2010-02-28;559
2010-03-01;560
2010-03-02;562
2010-03-03;561
2010-03-04;557
2010-03-05;559
2010-03-06;567
2010-03-07;560
2010-03-08;562
2010-03-09;567
2010-03-10;559
2010-03-11;559
2010-03-12;531
2010-03-13;541
2010-03-14;568
2010-03-15;567
2010-03-16;575
2010-03-17;581
2010-03-18;584
2010-03-19;595
2010-03-20;595
2010-03-21;600
2010-03-22;573
2010-03-23;568
2010-03-24;532
2010-03-25;511
2010-03-26;479
2010-03-27;468
2010-03-28;463
2010-03-29;445
2010-03-30;450
2010-03-31;443
2010-04-01;444
2010-04-02;389
2010-04-03;373
2010-04-04;366
2010-04-05;363
2010-04-06;365
2010-04-07;365
2010-04-08;364
2010-04-09;368
2010-04-10;368
2010-04-11;370
2010-04-12;389
2010-04-13;465
2010-04-14;477
2010-04-15;478
2010-04-16;478
2010-04-17;458
2010-04-18;460
2010-04-19;468
2010-04-20;479
2010-04-21;429
2010-04-22;410
2010-04-23;414
2010-04-24;419
2010-04-25;420
2010-04-26;420
2010-04-27;420
2010-04-28;428
2010-04-29;447
2010-04-30;453
2010-05-01;460
2010-05-02;466
2010-05-03;457
2010-05-04;484
2010-05-05;488
2010-05-06;510
2010-05-07;501
2010-05-08;504
2010-05-09;494
2010-05-10;491
2010-05-11;492
2010-05-12;491
2010-05-13;490
2010-05-14;497
2010-05-15;485
2010-05-16;484
2010-05-17;474
2010-05-18;476
2010-05-19;472
2010-05-20;488
2010-05-21;527
2010-05-22;577
2010-05-23;587
2010-05-24;611
2010-05-25;605
2010-05-26;552
2010-05-27;539
2010-05-28;523
2010-05-29;504
2010-05-30;516
2010-05-31;587
2010-06-01;591
2010-06-02;499
2010-06-03;483
2010-06-04;488
2010-06-05;482
2010-06-06;477
2010-06-07;510
2010-06-08;490
2010-06-09;494
2010-06-10;590
2010-06-11;591
2010-06-12;601
2010-06-13;594
2010-06-14;587
2010-06-15;589
2010-06-16;603
2010-06-17;591
2010-06-18;440
2010-06-19;355
2010-06-20;513
2010-06-21;596
2010-06-22;609
2010-06-23;583
2010-06-24;587
2010-06-25;586
2010-06-26;588
2010-06-27;575
2010-06-28;575
2010-06-29;584
2010-06-30;586
2010-07-01;589
2010-07-02;583
2010-07-03;577
2010-07-04;601
2010-07-05;600
2010-07-06;619
2010-07-07;636
2010-07-08;629
2010-07-09;609
2010-07-10;602
2010-07-11;609
2010-07-12;583
2010-07-13;599
2010-07-14;597
2010-07-15;588
2010-07-16;592
2010-07-17;589
2010-07-18;599
2010-07-19;628
2010-07-20;648
2010-07-21;649
2010-07-22;631
2010-07-23;617
2010-07-24;618
2010-07-25;612
2010-07-26;494
2010-07-27;489
2010-07-28;503
2010-07-29;501
2010-07-30;487
2010-07-31;506
2010-08-01;495
2010-08-02;483
2010-08-03;446
2010-08-04;453
2010-08-05;474
2010-08-06;476
2010-08-07;473
2010-08-08;407
2010-08-09;409
2010-08-10;482
2010-08-11;492
2010-08-12;482
2010-08-13;511
2010-08-14;512
2010-08-15;506
2010-08-16;492
2010-08-17;488
2010-08-18;506
2010-08-19;562
2010-08-20;574
2010-08-21;595
2010-08-22;632
2010-08-23;630
2010-08-24;627
2010-08-25;613
2010-08-26;602
2010-08-27;601
2010-08-28;580
2010-08-29;579
2010-08-30;581
2010-08-31;577
2010-09-01;581
2010-09-02;565
2010-09-03;578
2010-09-04;588
2010-09-05;577
2010-09-06;567
2010-09-07;569
2010-09-08;536
2010-09-09;423
2010-09-10;407
2010-09-11;406
2010-09-12;408
2010-09-13;404
2010-09-14;398
2010-09-15;397
2010-09-16;401
2010-09-17;403
2010-09-18;406
2010-09-19;409
2010-09-20;447
2010-09-21;436
2010-09-22;441
2010-09-23;449
2010-09-24;449
2010-09-25;442
2010-09-26;475
2010-09-27;441
2010-09-28;377
2010-09-29;370
2010-09-30;368
2010-10-01;349
2010-10-02;364
2010-10-03;377
2010-10-04;373
2010-10-05;378
2010-10-06;382
2010-10-07;371
2010-10-08;375
2010-10-09;380
2010-10-10;388
2010-10-11;387
2010-10-12;374
2010-10-13;370
2010-10-14;368
2010-10-15;371
2010-10-16;387
2010-10-17;391
2010-10-18;400
2010-10-19;401
2010-10-20;403
2010-10-21;408
2010-10-22;401
2010-10-23;399
2010-10-24;394
2010-10-25;318
2010-10-26;303
2010-10-27;369
2010-10-28;402
2010-10-29;379
2010-10-30;401
2010-10-31;396
2010-11-01;389
2010-11-02;389
2010-11-03;397
2010-11-04;389
2010-11-05;393
2010-11-06;401
2010-11-07;401
2010-11-08;399
2010-11-09;403
2010-11-10;404
2010-11-11;403
2010-11-12;409
2010-11-13;407
2010-11-14;422
2010-11-15;436
2010-11-16;406
2010-11-17;401
2010-11-18;456
2010-11-19;414
2010-11-20;390
2010-11-21;401
2010-11-22;402
2010-11-23;404
2010-11-24;408
2010-11-25;413
2010-11-26;419
2010-11-27;415
2010-11-28;421
2010-11-29;427
2010-11-30;427
2010-12-01;408
2010-12-02;394
2010-12-03;405
2010-12-04;399
2010-12-05;407
2010-12-06;404
2010-12-07;420
2010-12-08;551
2010-12-09;570
2010-12-10;572
2010-12-11;564
2010-12-12;550
2010-12-13;522
2010-12-14;521
2010-12-15;538
2010-12-16;582
2010-12-17;561
2010-12-18;544
2010-12-19;554
2010-12-20;554
2010-12-21;549
2010-12-22;548
2010-12-23;553
2010-12-24;567
2010-12-25;565
2010-12-26;568
2010-12-27;567
2010-12-28;562
2010-12-29;557
2010-12-30;551
2010-12-31;549
2011-01-01;541
2011-01-02;506
2011-01-03;496
2011-01-04;512
2011-01-05;514
2011-01-06;511
2011-01-07;522
2011-01-08;529
2011-01-09;521
2011-01-10;512
2011-01-11;499
2011-01-12;535
2011-01-13;544
2011-01-14;542
2011-01-15;543
2011-01-16;542
2011-01-17;533
2011-01-18;525
2011-01-19;519
2011-01-20;520
2011-01-21;527
2011-01-22;521
2011-01-23;522
2011-01-24;516
2011-01-25;517
2011-01-26;508
2011-01-27;492
2011-01-28;429
2011-01-29;444
2011-01-30;483
2011-01-31;487
2011-02-01;481
2011-02-02;479
2011-02-03;478
2011-02-04;480
2011-02-05;480
2011-02-06;464
2011-02-07;451
2011-02-08;475
2011-02-09;481
2011-02-10;481
2011-02-11;481
2011-02-12;475
2011-02-13;478
2011-02-14;476
2011-02-15;473
2011-02-16;461
2011-02-17;460
2011-02-18;450
2011-02-19;421
2011-02-20;420
2011-02-21;413
2011-02-22;412
2011-02-23;412
2011-02-24;403
2011-02-25;396
2011-02-26;388
2011-02-27;386
2011-02-28;387
2011-03-01;388
2011-03-02;387
2011-03-03;387
2011-03-04;375
2011-03-05;391
2011-03-06;400
2011-03-07;397
2011-03-08;402
2011-03-09;400
2011-03-10;402
2011-03-11;405
2011-03-12;393
2011-03-13;371
2011-03-14;371
2011-03-15;382
2011-03-16;377
2011-03-17;380
2011-03-18;377
2011-03-19;376
2011-03-20;374
2011-03-21;393
2011-03-22;387
2011-03-23;415
2011-03-24;402
2011-03-25;364
2011-03-26;338
2011-03-27;307
2011-03-28;261
2011-03-29;231
2011-03-30;275
2011-03-31;293
2011-04-01;303
2011-04-02;291
2011-04-03;286
2011-04-04;326
2011-04-05;293
2011-04-06;262
2011-04-07;238
2011-04-08;243
2011-04-09;255
2011-04-10;258
2011-04-11;256
2011-04-12;263
2011-04-13;263
2011-04-14;259
2011-04-15;241
2011-04-16;235
2011-04-17;267
2011-04-18;249
2011-04-19;247
2011-04-20;350
2011-04-21;257
2011-04-22;242
2011-04-23;250
2011-04-24;251
2011-04-25;258
2011-04-26;262
2011-04-27;266
2011-04-28;333
2011-04-29;333
2011-04-30;330
2011-05-01;329
2011-05-02;333
2011-05-03;330
2011-05-04;329
2011-05-05;326
2011-05-06;268
2011-05-07;316
2011-05-08;351
2011-05-09;346
2011-05-10;354
2011-05-11;336
2011-05-12;341
2011-05-13;329
2011-05-14;343
2011-05-15;339
2011-05-16;334
2011-05-17;329
2011-05-18;339
2011-05-19;338
2011-05-20;337
2011-05-21;330
2011-05-22;339
2011-05-23;352
2011-05-24;343
2011-05-25;331
2011-05-26;323
2011-05-27;311
2011-05-28;308
2011-05-29;312
2011-05-30;314
2011-05-31;338
2011-06-01;421
2011-06-02;449
2011-06-03;459
2011-06-04;464
2011-06-05;453
2011-06-06;420
2011-06-07;390
2011-06-08;381
2011-06-09;382
2011-06-10;375
2011-06-11;388
2011-06-12;370
2011-06-13;365
2011-06-14;362
2011-06-15;353
2011-06-16;350
2011-06-17;339
2011-06-18;344
2011-06-19;339
2011-06-20;345
2011-06-21;345
2011-06-22;363
2011-06-23;357
2011-06-24;368
2011-06-25;379
2011-06-26;374
2011-06-27;344
2011-06-28;353
2011-06-29;350
2011-06-30;337
2011-07-01;328
2011-07-02;330
2011-07-03;316
2011-07-04;336
2011-07-05;330
2011-07-06;329
2011-07-07;323
2011-07-08;315
2011-07-09;330
2011-07-10;323
2011-07-11;318
2011-07-12;311
2011-07-13;316
2011-07-14;313
2011-07-15;315
2011-07-16;324
2011-07-17;323
2011-07-18;311
2011-07-19;328
2011-07-20;318
2011-07-21;317
2011-07-22;318
2011-07-23;319
2011-07-24;313
2011-07-25;317
2011-07-26;314
2011-07-27;355
2011-07-28;365
2011-07-29;349
2011-07-30;355
2011-07-31;326
2011-08-01;318
2011-08-02;338
2011-08-03;370
2011-08-04;377
2011-08-05;380
2011-08-06;392
2011-08-07;392
2011-08-08;369
2011-08-09;362
2011-08-10;368
2011-08-11;387
2011-08-12;416
2011-08-13;393
2011-08-14;398
2011-08-15;361
2011-08-16;359
2011-08-17;342
2011-08-18;339
2011-08-19;336
2011-08-20;323
2011-08-21;326
2011-08-22;323
2011-08-23;327
2011-08-24;317
2011-08-25;332
2011-08-26;334
2011-08-27;319
2011-08-28;327
2011-08-29;323
2011-08-30;337
2011-08-31;343
2011-09-01;304
2011-09-02;306
2011-09-03;299
2011-09-04;323
2011-09-05;316
2011-09-06;312
2011-09-07;312
2011-09-08;305
2011-09-09;308
2011-09-10;314
2011-09-11;316
2011-09-12;313
2011-09-13;307
2011-09-14;308
2011-09-15;315
2011-09-16;319
2011-09-17;323
2011-09-18;330
2011-09-19;336
2011-09-20;328
2011-09-21;326
2011-09-22;314
2011-09-23;327
2011-09-24;332
2011-09-25;330
2011-09-26;313
2011-09-27;318
2011-09-28;315
2011-09-29;324
2011-09-30;318
2011-10-01;324
2011-10-02;323
2011-10-03;327
2011-10-04;323
2011-10-05;325
2011-10-06;313
2011-10-07;326
2011-10-08;325
2011-10-09;304
2011-10-10;317
2011-10-11;318
2011-10-12;318
2011-10-13;325
2011-10-14;341
2011-10-15;342
2011-10-16;337
2011-10-17;335
2011-10-18;330
2011-10-19;323
2011-10-20;310
2011-10-21;304
2011-10-22;308
2011-10-23;315
2011-10-24;290
2011-10-25;302
2011-10-26;290
2011-10-27;299
2011-10-28;292
2011-10-29;279
2011-10-30;280
2011-10-31;287
2011-11-01;297
2011-11-02;303
2011-11-03;303
2011-11-04;294
2011-11-05;302
2011-11-06;317
2011-11-07;288
2011-11-08;300
2011-11-09;297
2011-11-10;310
2011-11-11;296
2011-11-12;284
2011-11-13;290
2011-11-14;294
2011-11-15;304
2011-11-16;305
2011-11-17;307
2011-11-18;293
2011-11-19;297
2011-11-20;301
2011-11-21;305
2011-11-22;316
2011-11-23;315
2011-11-24;313
2011-11-25;317
2011-11-26;315
2011-11-27;316
2011-11-28;315
2011-11-29;316
2011-11-30;398
2011-12-01;404
2011-12-02;486
2011-12-03;488
2011-12-04;488
2011-12-05;484
2011-12-06;490
2011-12-07;490
2011-12-08;480
2011-12-09;468
2011-12-10;470
2011-12-11;468
2011-12-12;461
2011-12-13;457
2011-12-14;460
2011-12-15;460
2011-12-16;458
2011-12-17;464
2011-12-18;457
2011-12-19;456
2011-12-20;454
2011-12-21;455
2011-12-22;453
2011-12-23;456
2011-12-24;458
2011-12-25;458
2011-12-26;455
2011-12-27;457
2011-12-28;447
2011-12-29;444
2011-12-30;441
2011-12-31;442
2012-01-01;470
2012-01-02;466
2012-01-03;476
2012-01-04;465
2012-01-05;457
2012-01-06;458
2012-01-07;462
2012-01-08;465
2012-01-09;469
2012-01-10;464
2012-01-11;465
2012-01-12;462
2012-01-13;467
2012-01-14;461
2012-01-15;464
2012-01-16;456
2012-01-17;440
2012-01-18;437
2012-01-19;446
2012-01-20;448
2012-01-21;427
2012-01-22;410
2012-01-23;429
2012-01-24;439
2012-01-25;439
2012-01-26;446
2012-01-27;433
2012-01-28;431
2012-01-29;448
2012-01-30;441
2012-01-31;441
2012-02-01;440
2012-02-02;437
2012-02-03;439
2012-02-04;437
2012-02-05;432
2012-02-06;428
2012-02-07;436
2012-02-08;447
2012-02-09;447
2012-02-10;439
2012-02-11;437
2012-02-12;431
2012-02-13;417
2012-02-14;442
2012-02-15;437
2012-02-16;438
2012-02-17;430
2012-02-18;434
2012-02-19;431
2012-02-20;426
2012-02-21;436
2012-02-22;439
2012-02-23;431
2012-02-24;420
2012-02-25;426
2012-02-26;440
2012-02-27;440
2012-02-28;437
2012-02-29;438
2012-03-01;450
2012-03-02;446
2012-03-03;429
2012-03-04;445
2012-03-05;447
2012-03-06;438
2012-03-07;452
2012-03-08;456
2012-03-09;442
2012-03-10;440
2012-03-11;456
2012-03-12;432
2012-03-13;428
2012-03-14;422
2012-03-15;437
2012-03-16;442
2012-03-17;444
2012-03-18;440
2012-03-19;444
2012-03-20;448
2012-03-21;445
2012-03-22;441
2012-03-23;436
2012-03-24;430
2012-03-25;429
2012-03-26;433
2012-03-27;435
2012-03-28;441
2012-03-29;443
2012-03-30;439
2012-03-31;440
2012-04-01;439
2012-04-02;441
2012-04-03;438
2012-04-04;466
2012-04-05;472
2012-04-06;471
2012-04-07;446
2012-04-08;459
2012-04-09;438
2012-04-10;440
2012-04-11;438
2012-04-12;429
2012-04-13;423
2012-04-14;432
2012-04-15;436
2012-04-16;433
2012-04-17;435
2012-04-18;439
2012-04-19;443
2012-04-20;350
2012-04-21;446
2012-04-22;445
2012-04-23;450
2012-04-24;449
2012-04-25;447
2012-04-26;417
2012-04-27;409
2012-04-28;411
2012-04-29;407
2012-04-30;409
2012-05-01;406
2012-05-02;399
2012-05-03;406
2012-05-04;409
2012-05-05;396
2012-05-06;407
2012-05-07;410
2012-05-08;408
2012-05-09;410
2012-05-10;375
2012-05-11;346
2012-05-12;361
2012-05-13;364
2012-05-14;366
2012-05-15;364
2012-05-16;365
2012-05-17;364
2012-05-18;359
2012-05-19;364
2012-05-20;369
2012-05-21;361
2012-05-22;363
2012-05-23;357
2012-05-24;371
2012-05-25;392
2012-05-26;403
2012-05-27;396
2012-05-28;385
2012-05-29;407
2012-05-30;402
2012-05-31;374
2012-06-01;344
2012-06-02;358
2012-06-03;351
2012-06-04;360
2012-06-05;368
2012-06-06;363
2012-06-07;369
2012-06-08;374
2012-06-09;379
2012-06-10;388
2012-06-11;393
2012-06-12;508
2012-06-13;459
2012-06-14;429
2012-06-15;422
2012-06-16;404
2012-06-17;403
2012-06-18;414
2012-06-19;394
2012-06-20;406
2012-06-21;385
2012-06-22;381
2012-06-23;380
2012-06-24;371
2012-06-25;355
2012-06-26;373
2012-06-27;397
2012-06-28;395
2012-06-29;411
2012-06-30;441
2012-07-01;426
2012-07-02;505
2012-07-03;566
2012-07-04;602
2012-07-05;579
2012-07-06;503
2012-07-07;448
2012-07-08;430
2012-07-09;436
2012-07-10;411
2012-07-11;412
2012-07-12;393
2012-07-13;413
2012-07-14;405
2012-07-15;399
2012-07-16;393
2012-07-17;396
2012-07-18;399
2012-07-19;406
2012-07-20;422
2012-07-21;439
2012-07-22;441
2012-07-23;420
2012-07-24;426
2012-07-25;499
2012-07-26;551
2012-07-27;558
2012-07-28;554
2012-07-29;497
2012-07-30;476
2012-07-31;428
2012-08-01;440
2012-08-02;401
2012-08-03;417
2012-08-04;418
2012-08-05;423
2012-08-06;404
2012-08-07;411
2012-08-08;431
2012-08-09;442
2012-08-10;420
2012-08-11;407
2012-08-12;434
2012-08-13;435
2012-08-14;440
2012-08-15;422
2012-08-16;411
2012-08-17;409
2012-08-18;404
2012-08-19;418
2012-08-20;433
2012-08-21;455
2012-08-22;454
2012-08-23;519
2012-08-24;559
2012-08-25;551
2012-08-26;513
2012-08-27;493
2012-08-28;511
2012-08-29;501
2012-08-30;479
2012-08-31;477
2012-09-01;468
2012-09-02;465
2012-09-03;474
2012-09-04;507
2012-09-05;517
2012-09-06;501
2012-09-07;479
2012-09-08;514
2012-09-09;511
2012-09-10;496
2012-09-11;505
2012-09-12;528
2012-09-13;529
2012-09-14;518
2012-09-15;515
2012-09-16;509
2012-09-17;498
2012-09-18;501
2012-09-19;500
2012-09-20;501
2012-09-21;496
2012-09-22;488
2012-09-23;483
2012-09-24;485
2012-09-25;488
2012-09-26;478
2012-09-27;479
2012-09-28;471
2012-09-29;501
2012-09-30;508
2012-10-01;503
2012-10-02;494
2012-10-03;507
2012-10-04;508
2012-10-05;506
2012-10-06;503
2012-10-07;499
2012-10-08;503
2012-10-09;502
2012-10-10;508
2012-10-11;510
2012-10-12;509
2012-10-13;510
2012-10-14;511
2012-10-15;509
2012-10-16;509
2012-10-17;509
2012-10-18;507
2012-10-19;506
2012-10-20;507
2012-10-21;505
2012-10-22;503
2012-10-23;502
2012-10-24;499
2012-10-25;500
2012-10-26;470
2012-10-27;463
2012-10-28;462
2012-10-29;456
2012-10-30;455
2012-10-31;451
2012-11-01;444
2012-11-02;438
2012-11-03;446
2012-11-04;448
2012-11-05;446
2012-11-06;462
2012-11-07;458
2012-11-08;452
2012-11-09;451
2012-11-10;452
2012-11-11;447
2012-11-12;449
2012-11-13;451
2012-11-14;452
2012-11-15;451
2012-11-16;450
2012-11-17;449
2012-11-18;452
2012-11-19;454
2012-11-20;458
2012-11-21;450
2012-11-22;450
2012-11-23;451
2012-11-24;462
2012-11-25;460
2012-11-26;465
2012-11-27;464
2012-11-28;442
2012-11-29;440
2012-11-30;444
2012-12-01;439
2012-12-02;452
2012-12-03;458
2012-12-04;441
2012-12-05;440
2012-12-06;441
2012-12-07;469
2012-12-08;487
2012-12-09;468
2012-12-10;461
2012-12-11;476
2012-12-12;475
2012-12-13;462
2012-12-14;539
2012-12-15;572
2012-12-16;664
2012-12-17;797
2012-12-18;785
2012-12-19;783
2012-12-20;784
2012-12-21;784
2012-12-22;762
2012-12-23;753
2012-12-24;769
2012-12-25;767
2012-12-26;765
2012-12-27;769
2012-12-28;769
2012-12-29;741
2012-12-30;744
2012-12-31;744
2013-01-01;749
2013-01-02;742
2013-01-03;741
2013-01-04;739
2013-01-05;738
2013-01-06;734
2013-01-07;729
2013-01-08;724
2013-01-09;723
2013-01-10;718
2013-01-11;712
2013-01-12;708
2013-01-13;705
2013-01-14;703
2013-01-15;701
2013-01-16;697
2013-01-17;683
2013-01-18;676
2013-01-19;670
2013-01-20;663
2013-01-21;659
2013-01-22;657
2013-01-23;660
2013-01-24;657
2013-01-25;658
2013-01-26;664
2013-01-27;665
2013-01-28;659
2013-01-29;650
2013-01-30;646
2013-01-31;649
2013-02-01;633
2013-02-02;632
2013-02-03;631
2013-02-04;632
2013-02-05;633
2013-02-06;634
2013-02-07;634
2013-02-08;631
2013-02-09;630
2013-02-10;629
2013-02-11;628
2013-02-12;628
2013-02-13;629
2013-02-14;630
2013-02-15;629
2013-02-16;628
2013-02-17;624
2013-02-18;622
2013-02-19;621
2013-02-20;619
2013-02-21;616
2013-02-22;617
2013-02-23;616
2013-02-24;612
2013-02-25;606
2013-02-26;604
2013-02-27;609
2013-02-28;611
2013-03-01;609
2013-03-02;609
2013-03-03;623
2013-03-04;622
2013-03-05;621
2013-03-06;638
2013-03-07;638
2013-03-08;651
2013-03-09;713
2013-03-10;703
2013-03-11;675
2013-03-12;607
2013-03-13;577
2013-03-14;569
2013-03-15;569
2013-03-16;620
2013-03-17;625
2013-03-18;596
2013-03-19;527
2013-03-20;523
2013-03-21;486
2013-03-22;512
2013-03-23;502
2013-03-24;499
2013-03-25;470
2013-03-26;433
2013-03-27;421
2013-03-28;419
2013-03-29;427
2013-03-30;454
2013-03-31;457
2013-04-01;450
2013-04-02;442
2013-04-03;446
2013-04-04;453
2013-04-05;450
2013-04-06;453
2013-04-07;461
2013-04-08;456
2013-04-09;440
2013-04-10;411
2013-04-11;438
2013-04-12;442
2013-04-13;442
2013-04-14;441
2013-04-15;374
2013-04-16;439
2013-04-17;450
2013-04-18;454
2013-04-19;456
2013-04-20;463
2013-04-21;353
2013-04-22;327
2013-04-23;332
2013-04-24;332
2013-04-25;330
2013-04-26;410
2013-04-27;452
2013-04-28;448
2013-04-29;446
2013-04-30;459
2013-05-01;473
2013-05-02;452
2013-05-03;445
2013-05-04;449
2013-05-05;475
2013-05-06;500
2013-05-07;506
2013-05-08;508
2013-05-09;505
2013-05-10;494
2013-05-11;496
2013-05-12;504
2013-05-13;506
2013-05-14;534
2013-05-15;531
2013-05-16;518
2013-05-17;509
2013-05-18;496
2013-05-19;473
2013-05-20;519
2013-05-21;526
2013-05-22;484
2013-05-23;460
2013-05-24;450
2013-05-25;448
2013-05-26;442
2013-05-27;439
2013-05-28;450
2013-05-29;463
2013-05-30;477
2013-05-31;508
2013-06-01;536
2013-06-02;506
2013-06-03;493
2013-06-04;506
2013-06-05;511
2013-06-06;491
2013-06-07;415
2013-06-08;357
2013-06-09;363
2013-06-10;372
2013-06-11;373
2013-06-12;353
2013-06-13;338
2013-06-14;346
2013-06-15;354
2013-06-16;398
2013-06-17;395
2013-06-18;381
2013-06-19;368
2013-06-20;367
2013-06-21;457
2013-06-22;467
2013-06-23;461
2013-06-24;457
2013-06-25;461
2013-06-26;456
2013-06-27;459
2013-06-28;466
2013-06-29;494
2013-06-30;486
2013-07-01;480
2013-07-02;480
2013-07-03;418
2013-07-04;409
2013-07-05;463
2013-07-06;510
2013-07-07;509
2013-07-08;549
2013-07-09;526
2013-07-10;527
2013-07-11;505
2013-07-12;505
2013-07-13;494
2013-07-14;474
2013-07-15;460
2013-07-16;419
2013-07-17;453
2013-07-18;492
2013-07-19;578
2013-07-20;632
2013-07-21;690
2013-07-22;759
2013-07-23;761
2013-07-24;758
2013-07-25;736
2013-07-26;716
2013-07-27;706
2013-07-28;677
2013-07-29;687
2013-07-30;804
2013-07-31;904
2013-08-01;926
2013-08-02;962
2013-08-03;1003
2013-08-04;1002
2013-08-05;1005
2013-08-06;1023
2013-08-07;1010
2013-08-08;972
2013-08-09;919
2013-08-10;869
2013-08-11;844
2013-08-12;832
2013-08-13;865
2013-08-14;894
2013-08-15;929
2013-08-16;996
2013-08-17;1020
2013-08-18;1026
2013-08-19;1007
2013-08-20;986
2013-08-21;968
2013-08-22;942
2013-08-23;920
2013-08-24;888
2013-08-25;862
2013-08-26;856
2013-08-27;854
2013-08-28;849
2013-08-29;846
2013-08-30;844
2013-08-31;821
2013-09-01;819
2013-09-02;828
2013-09-03;831
2013-09-04;830
2013-09-05;828
2013-09-06;823
2013-09-07;824
2013-09-08;819
2013-09-09;813
2013-09-10;812
2013-09-11;804
2013-09-12;802
2013-09-13;799
2013-09-14;802
2013-09-15;804
2013-09-16;803
2013-09-17;798
2013-09-18;800
2013-09-19;803
2013-09-20;782
2013-09-21;491
2013-09-22;456
2013-09-23;497
2013-09-24;631
2013-09-25;680
2013-09-26;683
2013-09-27;666
2013-09-28;658
2013-09-29;654
2013-09-30;653
2013-10-01;653
2013-10-02;649
2013-10-03;644
2013-10-04;644
2013-10-05;640
2013-10-06;638
2013-10-07;637
2013-10-08;638
2013-10-09;631
2013-10-10;632
2013-10-11;631
2013-10-12;626
2013-10-13;624
2013-10-14;510
2013-10-15;431
2013-10-16;439
2013-10-17;429
2013-10-18;443
2013-10-19;354
2013-10-20;326
2013-10-21;416
2013-10-22;369
2013-10-23;325
2013-10-24;418
2013-10-25;428
2013-10-26;436
2013-10-27;429
2013-10-28;412
2013-10-29;429
2013-10-30;433
2013-10-31;429
2013-11-01;421
2013-11-02;428
2013-11-03;446
2013-11-04;455
2013-11-05;457
2013-11-06;422
2013-11-07;399
2013-11-08;396
2013-11-09;392
2013-11-10;388
2013-11-11;385
2013-11-12;390
2013-11-13;389
2013-11-14;390
2013-11-15;382
2013-11-16;376
2013-11-17;403
2013-11-18;434
2013-11-19;435
2013-11-20;435
2013-11-21;432
2013-11-22;429
2013-11-23;427
2013-11-24;427
2013-11-25;431
2013-11-26;433
2013-11-27;435
2013-11-28;437
2013-11-29;437
2013-11-30;437
2013-12-01;439
2013-12-02;452
2013-12-03;463
2013-12-04;471
2013-12-05;471
2013-12-06;481
2013-12-07;480
2013-12-08;471
2013-12-09;460
2013-12-10;476
2013-12-11;508
2013-12-12;553
2013-12-13;556
2013-12-14;554
2013-12-15;549
2013-12-16;538
2013-12-17;541
2013-12-18;559
2013-12-19;591
2013-12-20;629
2013-12-21;664
2013-12-22;708
2013-12-23;724
2013-12-24;755
2013-12-25;757
2013-12-26;759
2013-12-27;754
2013-12-28;749
2013-12-29;738
2013-12-30;741
2013-12-31;737
2014-01-01;722
2014-01-02;711
2014-01-03;714
2014-01-04;732
2014-01-05;735
2014-01-06;736
2014-01-07;738
2014-01-08;734
2014-01-09;730
2014-01-10;726
2014-01-11;718
2014-01-12;722
2014-01-13;726
2014-01-14;727
2014-01-15;725
2014-01-16;710
2014-01-17;714
2014-01-18;716
2014-01-19;717
2014-01-20;715
2014-01-21;710
2014-01-22;710
2014-01-23;709
2014-01-24;708
2014-01-25;705
2014-01-26;690
2014-01-27;688
2014-01-28;700
2014-01-29;699
2014-01-30;701
2014-01-31;695
2014-02-01;675
2014-02-02;675
2014-02-03;673
2014-02-04;682
2014-02-05;676
2014-02-06;674
2014-02-07;678
2014-02-08;687
2014-02-09;688
2014-02-10;690
2014-02-11;689
2014-02-12;688
2014-02-13;687
2014-02-14;684
2014-02-15;690
2014-02-16;694
2014-02-17;691
2014-02-18;690
2014-02-19;691
2014-02-20;687
2014-02-21;684
2014-02-22;690
2014-02-23;690
2014-02-24;679
2014-02-25;689
2014-02-26;694
2014-02-27;696
2014-02-28;697
2014-03-01;672
2014-03-02;688
2014-03-03;686
2014-03-04;653
2014-03-05;651
2014-03-06;640
2014-03-07;639
2014-03-08;631
2014-03-09;634
2014-03-10;635
2014-03-11;640
2014-03-12;641
2014-03-13;640
2014-03-14;639
2014-03-15;641
2014-03-16;645
2014-03-17;646
2014-03-18;606
2014-03-19;606
2014-03-20;607
2014-03-21;661
2014-03-22;662
2014-03-23;645
2014-03-24;597
2014-03-25;595
2014-03-26;549
2014-03-27;490
2014-03-28;468
2014-03-29;456
2014-03-30;446
2014-03-31;447
2014-04-01;457
2014-04-02;452
2014-04-03;450
2014-04-04;454
2014-04-05;451
2014-04-06;464
2014-04-07;460
2014-04-08;455
2014-04-09;459
2014-04-10;476
2014-04-11;479
2014-04-12;469
2014-04-13;477
2014-04-14;475
2014-04-15;472
2014-04-16;471
2014-04-17;472
2014-04-18;477
2014-04-19;470
2014-04-20;439
2014-04-21;428
2014-04-22;435
2014-04-23;446
2014-04-24;451
2014-04-25;447
2014-04-26;451
2014-04-27;474
2014-04-28;458
2014-04-29;456
2014-04-30;454
2014-05-01;451
2014-05-02;452
2014-05-03;451
2014-05-04;457
2014-05-05;460
2014-05-06;422
2014-05-07;399
2014-05-08;386
2014-05-09;395
2014-05-10;444
2014-05-11;440
2014-05-12;435
2014-05-13;441
2014-05-14;439
2014-05-15;441
2014-05-16;430
2014-05-17;440
2014-05-18;436
2014-05-19;435
2014-05-20;432
2014-05-21;427
2014-05-22;425
2014-05-23;436
2014-05-24;442
2014-05-25;432
2014-05-26;441
2014-05-27;490
2014-05-28;503
2014-05-29;528
2014-05-30;510
2014-05-31;485
2014-06-01;465
2014-06-02;441
2014-06-03;433
2014-06-04;417
2014-06-05;411
2014-06-06;440
2014-06-07;445
2014-06-08;439
2014-06-09;434
2014-06-10;440
2014-06-11;446
2014-06-12;384
2014-06-13;403
2014-06-14;360
2014-06-15;364
2014-06-16;345
2014-06-17;390
2014-06-18;422
2014-06-19;427
2014-06-20;417
2014-06-21;401
2014-06-22;381
2014-06-23;388
2014-06-24;404
2014-06-25;408
2014-06-26;416
2014-06-27;398
2014-06-28;417
2014-06-29;408
2014-06-30;400
2014-07-01;409
2014-07-02;407
2014-07-03;407
2014-07-04;408
2014-07-05;414
2014-07-06;421
2014-07-07;470
2014-07-08;485
2014-07-09;480
2014-07-10;456
2014-07-11;450
2014-07-12;437
2014-07-13;433
2014-07-14;431
2014-07-15;425
2014-07-16;429
2014-07-17;411
2014-07-18;423
2014-07-19;370
2014-07-20;344
2014-07-21;339
2014-07-22;386
2014-07-23;394
2014-07-24;388
2014-07-25;374
2014-07-26;372
2014-07-27;383
2014-07-28;382
2014-07-29;395
2014-07-30;396
2014-07-31;391
2014-08-01;418
2014-08-02;398
2014-08-03;400
2014-08-04;384
2014-08-05;403
2014-08-06;407
2014-08-07;402
2014-08-08;415
2014-08-09;414
2014-08-10;402
2014-08-11;398
2014-08-12;397
2014-08-13;403
2014-08-14;391
2014-08-15;392
2014-08-16;394
2014-08-17;393
2014-08-18;394
2014-08-19;388
2014-08-20;392
2014-08-21;383
2014-08-22;396
2014-08-23;395
2014-08-24;387
2014-08-25;374
2014-08-26;392
2014-08-27;380
2014-08-28;374
2014-08-29;378
2014-08-30;387
2014-08-31;387
2014-09-01;382
2014-09-02;390
2014-09-03;384
2014-09-04;392
2014-09-05;385
2014-09-06;390
2014-09-07;384
2014-09-08;382
2014-09-09;348
2014-09-10;325
2014-09-11;320
2014-09-12;376
2014-09-13;408
2014-09-14;426
2014-09-15;411
2014-09-16;416
2014-09-17;426
2014-09-18;431
2014-09-19;420
2014-09-20;421
2014-09-21;409
2014-09-22;406
2014-09-23;367
2014-09-24;359
2014-09-25;357
2014-09-26;377
2014-09-27;387
2014-09-28;389
2014-09-29;398
2014-09-30;397
2014-10-01;385
2014-10-02;388
2014-10-03;378
2014-10-04;386
2014-10-05;385
2014-10-06;389
2014-10-07;391
2014-10-08;369
2014-10-09;377
2014-10-10;383
2014-10-11;378
2014-10-12;388
2014-10-13;375
2014-10-14;387
2014-10-15;377
2014-10-16;369
2014-10-17;371
2014-10-18;375
2014-10-19;368
2014-10-20;372
2014-10-21;368
2014-10-22;362
2014-10-23;365
2014-10-24;369
2014-10-25;363
2014-10-26;371
2014-10-27;364
2014-10-28;355
2014-10-29;360
2014-10-30;362
2014-10-31;359
2014-11-01;358
2014-11-02;361
2014-11-03;362
2014-11-04;365
2014-11-05;366
2014-11-06;361
2014-11-07;347
2014-11-08;334
2014-11-09;360
2014-11-10;366
2014-11-11;375
2014-11-12;360
2014-11-13;360
2014-11-14;394
2014-11-15;389
2014-11-16;383
2014-11-17;375
2014-11-18;379
2014-11-19;365
2014-11-20;366
2014-11-21;370
2014-11-22;378
2014-11-23;380
2014-11-24;383
2014-11-25;385
2014-11-26;395
2014-11-27;384
2014-11-28;387
2014-11-29;399
2014-11-30;404
2014-12-01;490
2014-12-02;489
2014-12-03;569
2014-12-04;568
2014-12-05;554
2014-12-06;550
2014-12-07;541
2014-12-08;541
2014-12-09;543
2014-12-10;542
2014-12-11;532
2014-12-12;526
2014-12-13;521
2014-12-14;527
2014-12-15;542
2014-12-16;547
2014-12-17;540
2014-12-18;548
2014-12-19;549
2014-12-20;542
2014-12-21;540
2014-12-22;540
2014-12-23;540
2014-12-24;541
2014-12-25;542
2014-12-26;544
2014-12-27;542
2014-12-28;541
2014-12-29;543
2014-12-30;539
2014-12-31;539
2015-01-01;521
2015-01-02;519
2015-01-03;517
2015-01-04;514
2015-01-05;516
2015-01-06;517
2015-01-07;518
2015-01-08;505
2015-01-09;502
2015-01-10;503
2015-01-11;505
2015-01-12;504
2015-01-13;514
2015-01-14;518
2015-01-15;511
2015-01-16;499
2015-01-17;500
2015-01-18;499
2015-01-19;506
2015-01-20;507
2015-01-21;486
2015-01-22;485
2015-01-23;485
2015-01-24;491
2015-01-25;489
2015-01-26;489
2015-01-27;486
2015-01-28;485
2015-01-29;477
2015-01-30;476
2015-01-31;474
2015-02-01;473
2015-02-02;471
2015-02-03;475
2015-02-04;474
2015-02-05;473
2015-02-06;472
2015-02-07;471
2015-02-08;462
2015-02-09;456
2015-02-10;457
2015-02-11;461
2015-02-12;466
2015-02-13;467
2015-02-14;463
2015-02-15;456
2015-02-16;461
2015-02-17;460
2015-02-18;458
2015-02-19;459
2015-02-20;456
2015-02-21;454
2015-02-22;453
2015-02-23;458
2015-02-24;462
2015-02-25;462
2015-02-26;461
2015-02-27;463
2015-02-28;463
2015-03-01;462
2015-03-02;453
2015-03-03;455
2015-03-04;463
2015-03-05;459
2015-03-06;459
2015-03-07;454
2015-03-08;450
2015-03-09;439
2015-03-10;441
2015-03-11;455
2015-03-12;456
2015-03-13;437
2015-03-14;435
2015-03-15;433
2015-03-16;432
2015-03-17;436
2015-03-18;441
2015-03-19;449
2015-03-20;446
2015-03-21;432
2015-03-22;429
2015-03-23;452
2015-03-24;455
2015-03-25;459
2015-03-26;460
2015-03-27;393
2015-03-28;359
2015-03-29;361
2015-03-30;357
2015-03-31;356
2015-04-01;349
2015-04-02;353
2015-04-03;350
2015-04-04;359
2015-04-05;352
2015-04-06;345
2015-04-07;346
2015-04-08;345
2015-04-09;333
2015-04-10;337
2015-04-11;346
2015-04-12;348
2015-04-13;329
2015-04-14;338
2015-04-15;333
2015-04-16;331
2015-04-17;347
2015-04-18;337
2015-04-19;363
2015-04-20;374
2015-04-21;409
2015-04-22;373
2015-04-23;375
2015-04-24;379
2015-04-25;369
2015-04-26;346
2015-04-27;347
2015-04-28;374
2015-04-29;389
2015-04-30;411
2015-05-01;388
2015-05-02;407
2015-05-03;421
2015-05-04;417
2015-05-05;414
2015-05-06;416
2015-05-07;418
2015-05-08;414
2015-05-09;404
2015-05-10;396
2015-05-11;408
2015-05-12;404
2015-05-13;402
2015-05-14;411
2015-05-15;433
2015-05-16;431
2015-05-17;406
2015-05-18;403
2015-05-19;401
2015-05-20;399
2015-05-21;404
2015-05-22;396
2015-05-23;397
2015-05-24;402
2015-05-25;405
2015-05-26;397
2015-05-27;392
2015-05-28;390
2015-05-29;390
2015-05-30;385
2015-05-31;393
2015-06-01;381
2015-06-02;373
2015-06-03;372
2015-06-04;374
2015-06-05;373
2015-06-06;372
2015-06-07;417
2015-06-08;428
2015-06-09;473
2015-06-10;445
2015-06-11;435
2015-06-12;418
2015-06-13;397
2015-06-14;393
2015-06-15;391
2015-06-16;384
2015-06-17;377
2015-06-18;369
2015-06-19;379
2015-06-20;390
2015-06-21;403
2015-06-22;385
2015-06-23;380
2015-06-24;379
2015-06-25;389
2015-06-26;386
2015-06-27;371
2015-06-28;372
2015-06-29;395
2015-06-30;366
2015-07-01;367
2015-07-02;373
2015-07-03;374
2015-07-04;376
2015-07-05;373
2015-07-06;374
2015-07-07;374
2015-07-08;360
2015-07-09;365
2015-07-10;371
2015-07-11;364
2015-07-12;365
2015-07-13;373
2015-07-14;361
2015-07-15;360
2015-07-16;360
2015-07-17;361
2015-07-18;357
2015-07-19;355
2015-07-20;358
2015-07-21;367
2015-07-22;367
2015-07-23;368
2015-07-24;362
2015-07-25;339
2015-07-26;344
2015-07-27;359
2015-07-28;365
2015-07-29;368
2015-07-30;410
2015-07-31;397
2015-08-01;388
2015-08-02;380
2015-08-03;364
2015-08-04;374
2015-08-05;369
2015-08-06;373
2015-08-07;377
2015-08-08;392
2015-08-09;383
2015-08-10;375
2015-08-11;368
2015-08-12;362
2015-08-13;363
2015-08-14;359
2015-08-15;360
2015-08-16;357
2015-08-17;364
2015-08-18;407
2015-08-19;395
2015-08-20;393
2015-08-21;378
2015-08-22;390
2015-08-23;410
2015-08-24;408
2015-08-25;409
2015-08-26;407
2015-08-27;393
2015-08-28;381
2015-08-29;378
2015-08-30;376
2015-08-31;367
2015-09-01;373
2015-09-02;372
2015-09-03;369
2015-09-04;365
2015-09-05;363
2015-09-06;365
2015-09-07;362
2015-09-08;367
2015-09-09;368
2015-09-10;365
2015-09-11;375
2015-09-12;363
2015-09-13;367
2015-09-14;370
2015-09-15;369
2015-09-16;375
2015-09-17;367
2015-09-18;369
2015-09-19;365
2015-09-20;367
2015-09-21;379
2015-09-22;365
2015-09-23;371
2015-09-24;347
2015-09-25;367
2015-09-26;369
2015-09-27;365
2015-09-28;360
2015-09-29;358
2015-09-30;362
2015-10-01;367
2015-10-02;366
2015-10-03;364
2015-10-04;364
2015-10-05;367
2015-10-06;369
2015-10-07;368
2015-10-08;372
2015-10-09;362
2015-10-10;361
2015-10-11;364
2015-10-12;362
2015-10-13;366
2015-10-14;373
2015-10-15;365
2015-10-16;369
2015-10-17;366
2015-10-18;358
2015-10-19;366
2015-10-20;365
2015-10-21;365
2015-10-22;359
2015-10-23;357
2015-10-24;356
2015-10-25;350
2015-10-26;344
2015-10-27;343
2015-10-28;341
2015-10-29;345
2015-10-30;360
2015-10-31;342
2015-11-01;326
2015-11-02;333
2015-11-03;327
2015-11-04;326
2015-11-05;344
2015-11-06;334
2015-11-07;336
2015-11-08;337
2015-11-09;339
2015-11-10;348
2015-11-11;351
2015-11-12;360
2015-11-13;334
2015-11-14;338
2015-11-15;329
2015-11-16;334
2015-11-17;344
2015-11-18;335
2015-11-19;333
2015-11-20;346
2015-11-21;334
2015-11-22;339
2015-11-23;341
2015-11-24;333
2015-11-25;342
2015-11-26;343
2015-11-27;391
2015-11-28;444
2015-11-29;436
2015-11-30;435
2015-12-01;343
2015-12-02;391
2015-12-03;444
2015-12-04;436
2015-12-05;399
2015-12-06;395
2015-12-07;397
2015-12-08;395
2015-12-09;393
2015-12-10;393
2015-12-11;392
2015-12-12;391
2015-12-13;390
2015-12-14;389
2015-12-15;390
2015-12-16;390
2015-12-17;389
2015-12-18;389
2015-12-19;390
2015-12-20;389
2015-12-21;389
2015-12-22;388
2015-12-23;389
2015-12-24;389
2015-12-25;388
2015-12-26;388
2015-12-27;388
2015-12-28;388
2015-12-29;389
2015-12-30;389
2015-12-31;389
2016-01-01;390
2016-01-02;391
2016-01-03;390
2016-01-04;389
2016-01-05;382
2016-01-06;385
2016-01-07;389
2016-01-08;388
2016-01-09;390
2016-01-10;389
2016-01-11;390
2016-01-12;388
2016-01-13;390
2016-01-14;390
2016-01-15;391
2016-01-16;394
2016-01-17;395
2016-01-18;393
2016-01-19;392
2016-01-20;393
2016-01-21;395
2016-01-22;393
2016-01-23;391
2016-01-24;390
2016-01-25;396
2016-01-26;403
2016-01-27;407
2016-01-28;406
2016-01-29;409
2016-01-30;408
2016-01-31;404
2016-02-01;406
2016-02-02;407
2016-02-03;405
2016-02-04;408
2016-02-05;409
2016-02-06;406
2016-02-07;405
2016-02-08;408
2016-02-09;409
2016-02-10;412
2016-02-11;412
2016-02-12;412
2016-02-13;410
2016-02-14;409
2016-02-15;408
2016-02-16;402
2016-02-17;401
2016-02-18;403
2016-02-19;403
2016-02-20;401
2016-02-21;410
2016-02-22;419
2016-02-23;414
2016-02-24;413
2016-02-25;414
2016-02-26;415
2016-02-27;413
2016-02-28;411
2016-02-29;413
2016-03-01;415
2016-03-02;413
2016-03-03;415
2016-03-04;413
2016-03-05;410
2016-03-06;409
2016-03-07;407
2016-03-08;408
2016-03-09;408
2016-03-10;404
2016-03-11;406
2016-03-12;408
2016-03-13;408
2016-03-14;413
2016-03-15;412
2016-03-16;411
2016-03-17;414
2016-03-18;413
2016-03-19;408
2016-03-20;403
2016-03-21;407
2016-03-22;407
2016-03-23;411
2016-03-24;412
2016-03-25;419
2016-03-26;427
2016-03-27;424
2016-03-28;440
2016-03-29;397
2016-03-30;387
2016-03-31;383
2016-04-01;377
2016-04-02;376
2016-04-03;372
2016-04-04;371
2016-04-05;369
2016-04-06;344
2016-04-07;348
2016-04-08;353
2016-04-09;344
2016-04-10;349
2016-04-11;350
2016-04-12;350
2016-04-13;357
2016-04-14;365
2016-04-15;373
2016-04-16;362
2016-04-17;363
2016-04-18;367
2016-04-19;463
2016-04-20;458
2016-04-21;412
2016-04-22;396
2016-04-23;398
2016-04-24;384
2016-04-25;391
2016-04-26;389
2016-04-27;402
2016-04-28;401
2016-04-29;411
2016-04-30;419
2016-05-01;414
2016-05-02;416
2016-05-03;417
2016-05-04;469
2016-05-05;480
2016-05-06;466
2016-05-07;453
2016-05-08;444
2016-05-09;422
2016-05-10;419
2016-05-11;421
2016-05-12;430
2016-05-13;429
2016-05-14;430
2016-05-15;414
2016-05-16;416
2016-05-17;413
2016-05-18;409
2016-05-19;406
2016-05-20;403
2016-05-21;409
2016-05-22;401
2016-05-23;406
2016-05-24;388
2016-05-25;375
2016-05-26;381
2016-05-27;375
2016-05-28;386
2016-05-29;382
2016-05-30;385
2016-05-31;387
2016-06-01;404
2016-06-02;407
2016-06-03;419
2016-06-04;410
2016-06-05;400
2016-06-06;402
2016-06-07;394
2016-06-08;392
2016-06-09;393
2016-06-10;395
2016-06-11;410
2016-06-12;414
2016-06-13;412
2016-06-14;404
2016-06-15;403
2016-06-16;397
2016-06-17;385
2016-06-18;392
2016-06-19;385
2016-06-20;388
2016-06-21;384
2016-06-22;387
2016-06-23;433
2016-06-24;496
2016-06-25;452
2016-06-26;445
2016-06-27;417
2016-06-28;399
2016-06-29;400
2016-06-30;395
2016-07-01;393
2016-07-02;391
2016-07-03;383
2016-07-04;392
2016-07-05;397
2016-07-06;391
2016-07-07;399
2016-07-08;411
2016-07-09;420
2016-07-10;416
2016-07-11;404
2016-07-12;403
2016-07-13;401
2016-07-14;516
2016-07-15;550
2016-07-16;525
2016-07-17;498
2016-07-18;486
2016-07-19;496
2016-07-20;498
2016-07-21;500
2016-07-22;501
2016-07-23;508
2016-07-24;508
2016-07-25;512
2016-07-26;554
2016-07-27;589
2016-07-28;577
2016-07-29;568
2016-07-30;603
2016-07-31;615
2016-08-01;582
2016-08-02;556
2016-08-03;548
2016-08-04;552
2016-08-05;556
2016-08-06;549
2016-08-07;536
2016-08-08;528
2016-08-09;517
2016-08-10;520
2016-08-11;516
2016-08-12;517
2016-08-13;515
2016-08-14;513
2016-08-15;539
2016-08-16;566
2016-08-17;565
2016-08-18;549
2016-08-19;541
2016-08-20;539
2016-08-21;510
2016-08-22;477
2016-08-23;516
2016-08-24;524
2016-08-25;523
2016-08-26;518
2016-08-27;542
2016-08-28;510
2016-08-29;503
2016-08-30;514
2016-08-31;519
2016-09-01;516
2016-09-02;509
2016-09-03;510
2016-09-04;513
2016-09-05;509
2016-09-06;515
2016-09-07;513
2016-09-08;508
2016-09-09;500
2016-09-10;498
2016-09-11;510
2016-09-12;510
2016-09-13;510
2016-09-14;512
2016-09-15;516
2016-09-16;522
2016-09-17;527
2016-09-18;524
2016-09-19;518
2016-09-20;510
2016-09-21;514
2016-09-22;508
2016-09-23;510
2016-09-24;509
2016-09-25;503
2016-09-26;507
2016-09-27;508
2016-09-28;510
2016-09-29;512
2016-09-30;512
2016-10-01;497
2016-10-02;496
2016-10-03;489
2016-10-04;486
2016-10-05;483
2016-10-06;485
2016-10-07;486
2016-10-08;483
2016-10-09;476
2016-10-10;477
2016-10-11;470
2016-10-12;476
2016-10-13;475
2016-10-14;484
2016-10-15;487
2016-10-16;481
2016-10-17;475
2016-10-18;452
2016-10-19;428
2016-10-20;453
2016-10-21;463
2016-10-22;475
2016-10-23;458
2016-10-24;470
2016-10-25;468
2016-10-26;467
2016-10-27;465
2016-10-28;468
2016-10-29;446
2016-10-30;472
2016-10-31;471
2016-11-01;468
2016-11-02;468
2016-11-03;466
2016-11-04;466
2016-11-05;469
2016-11-06;474
2016-11-07;472
2016-11-08;470
2016-11-09;471
2016-11-10;470
2016-11-11;464
2016-11-12;465
2016-11-13;474
2016-11-14;473
2016-11-15;453
2016-11-16;436
2016-11-17;449
2016-11-18;414
2016-11-19;416
2016-11-20;451
2016-11-21;452
2016-11-22;433
2016-11-23;435
2016-11-24;437
2016-11-25;441
2016-11-26;444
2016-11-27;447
2016-11-28;442
2016-11-29;439
2016-11-30;444
2016-12-01;446
2016-12-02;446
2016-12-03;434
2016-12-04;433
2016-12-05;460
2016-12-06;582
2016-12-07;644
2016-12-08;764
2016-12-09;768
2016-12-10;741
2016-12-11;708
2016-12-12;698
2016-12-13;692
2016-12-14;677
2016-12-15;671
2016-12-16;640
2016-12-17;635
2016-12-18;661
2016-12-19;661
2016-12-20;649
2016-12-21;617
2016-12-22;625
2016-12-23;616
2016-12-24;625
2016-12-25;617
2016-12-26;621
2016-12-27;615
2016-12-28;628
2016-12-29;616
2016-12-30;625
2016-12-31;625
2017-01-01;623
2017-01-02;605
2017-01-03;614
2017-01-04;615
2017-01-05;621
2017-01-06;630
2017-01-07;626
2017-01-08;622
2017-01-09;625
2017-01-10;619
2017-01-11;616
2017-01-12;607
2017-01-13;625
2017-01-14;606
2017-01-15;615
2017-01-16;622
2017-01-17;612
2017-01-18;593
2017-01-19;605
2017-01-20;608
2017-01-21;615
2017-01-22;623
2017-01-23;627
2017-01-24;606
2017-01-25;603
2017-01-26;585
2017-01-27;586
2017-01-28;585
2017-01-29;579
2017-01-30;574
2017-01-31;572
2017-02-01;563
2017-02-02;569
2017-02-03;575
2017-02-04;579
2017-02-05;576
2017-02-06;574
2017-02-07;578
2017-02-08;570
2017-02-09;563
2017-02-10;577
2017-02-11;581
2017-02-12;582
2017-02-13;585
2017-02-14;579
2017-02-15;573
2017-02-16;568
2017-02-17;564
2017-02-18;549
2017-02-19;544
2017-02-20;562
2017-02-21;582
2017-02-22;581
2017-02-23;584
2017-02-24;582
2017-02-25;581
2017-02-26;583
2017-02-27;584
2017-02-28;575
2017-03-01;549
2017-03-02;548
2017-03-03;538
2017-03-04;586
2017-03-05;598
2017-03-06;611
2017-03-07;620
2017-03-08;638
2017-03-09;603
2017-03-10;578
2017-03-11;497
2017-03-12;505
2017-03-13;472
2017-03-14;435
2017-03-15;444
2017-03-16;470
2017-03-17;455
2017-03-18;455
2017-03-19;454
2017-03-20;456
2017-03-21;456
2017-03-22;455
2017-03-23;455
2017-03-24;444
2017-03-25;455
2017-03-26;425
2017-03-27;452
2017-03-28;440
2017-03-29;421
2017-03-30;409
2017-03-31;404
2017-04-01;440
2017-04-02;438
2017-04-03;436
2017-04-04;433
2017-04-05;422
2017-04-06;443
2017-04-07;445
2017-04-08;448
2017-04-09;442
2017-04-10;430
2017-04-11;432
2017-04-12;422
2017-04-13;422
2017-04-14;423
2017-04-15;420
2017-04-16;427
2017-04-17;408
2017-04-18;415
2017-04-19;417
2017-04-20;442
2017-04-21;441
2017-04-22;436
2017-04-23;407
2017-04-24;399
2017-04-25;386
2017-04-26;392
2017-04-27;387
2017-04-28;392
2017-04-29;382
2017-04-30;393
2017-05-01;397
2017-05-02;403
2017-05-03;401
2017-05-04;399
2017-05-05;410
2017-05-06;421
2017-05-07;431
2017-05-08;435
2017-05-09;438
2017-05-10;418
2017-05-11;421
2017-05-12;405
2017-05-13;397
2017-05-14;395
2017-05-15;393
2017-05-16;396
2017-05-17;415
2017-05-18;416
2017-05-19;412
2017-05-20;402
2017-05-21;403
2017-05-22;417
2017-05-23;428
2017-05-24;418
2017-05-25;419
2017-05-26;399
2017-05-27;393
2017-05-28;386
2017-05-29;390
2017-05-30;416
2017-05-31;500
2017-06-01;502
2017-06-02;495
2017-06-03;478
2017-06-04;466
2017-06-05;457
2017-06-06;428
2017-06-07;427
2017-06-08;415
2017-06-09;419
2017-06-10;406
2017-06-11;409
2017-06-12;401
2017-06-13;391
2017-06-14;399
2017-06-15;405
2017-06-16;408
2017-06-17;385
2017-06-18;373
2017-06-19;369
2017-06-20;381
2017-06-21;391
2017-06-22;385
2017-06-23;383
2017-06-24;365
2017-06-25;371
2017-06-26;371
2017-06-27;369
2017-06-28;377
2017-06-29;380
2017-06-30;389
2017-07-01;390
2017-07-02;388
2017-07-03;395
2017-07-04;397
2017-07-05;389
2017-07-06;384
2017-07-07;382
2017-07-08;380
2017-07-09;370
2017-07-10;371
2017-07-11;379
2017-07-12;388
2017-07-13;390
2017-07-14;429
2017-07-15;462
2017-07-16;455
2017-07-17;431
2017-07-18;411
2017-07-19;407
2017-07-20;424
2017-07-21;427
2017-07-22;427
2017-07-23;412
2017-07-24;406
2017-07-25;392
2017-07-26;391
2017-07-27;389
2017-07-28;390
2017-07-29;389
2017-07-30;391
2017-07-31;387
2017-08-01;380
2017-08-02;379
2017-08-03;388
2017-08-04;389
2017-08-05;382
2017-08-06;381
2017-08-07;385
2017-08-08;390
2017-08-09;382
2017-08-10;383
2017-08-11;406
2017-08-12;435
2017-08-13;427
2017-08-14;422
2017-08-15;432
2017-08-16;427
2017-08-17;410
2017-08-18;404
2017-08-19;398
2017-08-20;401
2017-08-21;400
2017-08-22;402
2017-08-23;433
2017-08-24;511
2017-08-25;500
2017-08-26;477
2017-08-27;465
2017-08-28;463
2017-08-29;464
2017-08-30;465
2017-08-31;492
2017-09-01;495
2017-09-02;484
2017-09-03;473
2017-09-04;453
2017-09-05;424
2017-09-06;421
2017-09-07;419
2017-09-08;415
2017-09-09;421
2017-09-10;419
2017-09-11;412
2017-09-12;412
2017-09-13;392
2017-09-14;401
2017-09-15;402
2017-09-16;393
2017-09-17;397
2017-09-18;395
2017-09-19;396
2017-09-20;398
2017-09-21;395
2017-09-22;393
2017-09-23;391
2017-09-24;390
2017-09-25;398
2017-09-26;397
2017-09-27;400
2017-09-28;400
2017-09-29;413
2017-09-30;414
2017-10-01;408
2017-10-02;402
2017-10-03;400
2017-10-04;395
2017-10-05;393
2017-10-06;396
2017-10-07;386
2017-10-08;383
2017-10-09;388
2017-10-10;384
2017-10-11;382
2017-10-12;383
2017-10-13;382
2017-10-14;384
2017-10-15;383
2017-10-16;385
2017-10-17;388
2017-10-18;382
2017-10-19;382
2017-10-20;383
2017-10-21;382
2017-10-22;373
2017-10-23;375
2017-10-24;376
2017-10-25;372
2017-10-26;374
2017-10-27;377
2017-10-28;380
2017-10-29;373
2017-10-30;375
2017-10-31;380
2017-11-01;371
2017-11-02;361
2017-11-03;360
2017-11-04;362
2017-11-05;375
2017-11-06;366
2017-11-07;367
2017-11-08;362
2017-11-09;348
2017-11-10;368
2017-11-11;365
2017-11-12;380
2017-11-13;375
2017-11-14;348
2017-11-15;363
2017-11-16;356
2017-11-17;364
2017-11-18;366
2017-11-19;380
2017-11-20;372
2017-11-21;377
2017-11-22;376
2017-11-23;363
2017-11-24;361
2017-11-25;362
2017-11-26;385
2017-11-27;387
2017-11-28;392
2017-11-29;538
2017-11-30;567
2017-12-01;543
2017-12-02;531
2017-12-03;519
2017-12-04;509
2017-12-05;517
2017-12-06;527
2017-12-07;522
2017-12-08;524
2017-12-09;533
2017-12-10;531
2017-12-11;534
2017-12-12;527
2017-12-13;518
2017-12-14;509
2017-12-15;513
2017-12-16;499
2017-12-17;506
2017-12-18;502
2017-12-19;501
2017-12-20;512
2017-12-21;524
2017-12-22;525
2017-12-23;524
2017-12-24;523
2017-12-25;524
2017-12-26;515
2017-12-27;513
2017-12-28;509
2017-12-29;503
2017-12-30;498
2017-12-31;497
2018-01-01;500
2018-01-02;505
2018-01-03;501
2018-01-04;488
2018-01-05;493
2018-01-06;494
2018-01-07;494
2018-01-08;492
2018-01-09;484
2018-01-10;478
2018-01-11;466
2018-01-12;486
2018-01-13;494
2018-01-14;487
2018-01-15;487
2018-01-16;487
2018-01-17;489
2018-01-18;492
2018-01-19;491
2018-01-20;489
2018-01-21;486
2018-01-22;486
2018-01-23;497
2018-01-24;500
2018-01-25;502
2018-01-26;504
2018-01-27;503
2018-01-28;500
2018-01-29;500
2018-01-30;498
2018-01-31;499
2018-02-01;502
2018-02-02;500
2018-02-03;498
2018-02-04;495
2018-02-05;497
2018-02-06;500
2018-02-07;501
2018-02-08;502
2018-02-09;502
2018-02-10;494
2018-02-11;493
2018-02-12;498
2018-02-13;503
2018-02-14;500
2018-02-15;499
2018-02-16;494
2018-02-17;492
2018-02-18;493
2018-02-19;498
2018-02-20;500
2018-02-21;500
2018-02-22;500
2018-02-23;501
2018-02-24;496
2018-02-25;495
2018-02-26;500
2018-02-27;501
2018-02-28;501
2018-03-01;502
2018-03-02;501
2018-03-03;501
2018-03-04;503
2018-03-05;502
2018-03-06;500
2018-03-07;501
2018-03-08;503
2018-03-09;499
2018-03-10;499
2018-03-11;497
2018-03-12;500
2018-03-13;501
2018-03-14;502
2018-03-15;502
2018-03-16;499
2018-03-17;497
2018-03-18;499
2018-03-19;497
2018-03-20;502
2018-03-21;513
2018-03-22;527
2018-03-23;531
2018-03-24;530
2018-03-25;539
2018-03-26;535
2018-03-27;548
2018-03-28;539
2018-03-29;556
2018-03-30;503
2018-03-31;471
2018-04-01;440
2018-04-02;419
2018-04-03;419
2018-04-04;394
2018-04-05;419
2018-04-06;361
2018-04-07;346
2018-04-08;342
2018-04-09;346
2018-04-10;331
2018-04-11;336
2018-04-12;334
2018-04-13;337
2018-04-14;341
2018-04-15;347
2018-04-16;338
2018-04-17;340
2018-04-18;339
2018-04-19;336
2018-04-20;341
2018-04-21;345
2018-04-22;336
2018-04-23;337
2018-04-24;339
2018-04-25;345
2018-04-26;349
2018-04-27;336
2018-04-28;333
2018-04-29;330
2018-04-30;349
2018-05-01;347
2018-05-02;360
2018-05-03;362
2018-05-04;365
2018-05-05;355
2018-05-06;351
2018-05-07;356
2018-05-08;363
2018-05-09;365
2018-05-10;372
2018-05-11;366
2018-05-12;365
2018-05-13;366
2018-05-14;380
2018-05-15;382
2018-05-16;386
2018-05-17;382
2018-05-18;374
2018-05-19;373
2018-05-20;376
2018-05-21;368
2018-05-22;376
2018-05-23;370
2018-05-24;382
2018-05-25;361
2018-05-26;363
2018-05-27;370
2018-05-28;361
2018-05-29;364
2018-05-30;389
2018-05-31;395
2018-06-01;378
2018-06-02;376
2018-06-03;372
2018-06-04;375
2018-06-05;372
2018-06-06;377
2018-06-07;373
2018-06-08;379
2018-06-09;377
2018-06-10;379
2018-06-11;407
2018-06-12;429
2018-06-13;409
2018-06-14;407
2018-06-15;415
2018-06-16;402
2018-06-17;403
2018-06-18;391
2018-06-19;388
2018-06-20;442
2018-06-21;463
2018-06-22;464
2018-06-23;462
2018-06-24;432
2018-06-25;422
2018-06-26;397
2018-06-27;402
2018-06-28;389
2018-06-29;397
2018-06-30;397
2018-07-01;394
2018-07-02;454
2018-07-03;553
2018-07-04;530
2018-07-05;501
2018-07-06;472
2018-07-07;461
2018-07-08;453
2018-07-09;439
2018-07-10;445
2018-07-11;441
2018-07-12;449
2018-07-13;492
2018-07-14;500
2018-07-15;520
2018-07-16;567
2018-07-17;591
2018-07-18;583
2018-07-19;553
2018-07-20;562
2018-07-21;571
2018-07-22;537
2018-07-23;500
2018-07-24;479
2018-07-25;478
2018-07-26;489
2018-07-27;477
2018-07-28;455
2018-07-29;436
2018-07-30;435
2018-07-31;406
2018-08-01;408
2018-08-02;396
2018-08-03;396
2018-08-04;400
2018-08-05;392
2018-08-06;387
2018-08-07;383
2018-08-08;379
2018-08-09;388
2018-08-10;394
2018-08-11;400
2018-08-12;410
2018-08-13;398
2018-08-14;392
2018-08-15;390
2018-08-16;385
2018-08-17;385
2018-08-18;387
2018-08-19;417
2018-08-20;409
2018-08-21;429
2018-08-22;443
2018-08-23;448
2018-08-24;449
2018-08-25;437
2018-08-26;437
2018-08-27;434
2018-08-28;419
2018-08-29;422
2018-08-30;406
2018-08-31;398
2018-09-01;393
2018-09-02;390
2018-09-03;380
2018-09-04;389
2018-09-05;397
2018-09-06;427
2018-09-07;472
2018-09-08;473
2018-09-09;458
2018-09-10;442
2018-09-11;451
2018-09-12;458
2018-09-13;460
2018-09-14;427
2018-09-15;424
2018-09-16;431
2018-09-17;461
2018-09-18;482
2018-09-19;491
2018-09-20;475
2018-09-21;454
2018-09-22;427
2018-09-23;422
2018-09-24;427
2018-09-25;424
2018-09-26;408
2018-09-27;401
2018-09-28;421
2018-09-29;393
2018-09-30;398
2018-10-01;400
2018-10-02;404
2018-10-03;387
2018-10-04;398
2018-10-05;395
2018-10-06;390
2018-10-07;389
2018-10-08;393
2018-10-09;390
2018-10-10;391
2018-10-11;391
2018-10-12;387
2018-10-13;389
2018-10-14;392
2018-10-15;387
2018-10-16;379
2018-10-17;400
2018-10-18;391
2018-10-19;389
2018-10-20;386
2018-10-21;381
2018-10-22;380
2018-10-23;379
2018-10-24;385
2018-10-25;391
2018-10-26;385
2018-10-27;380
2018-10-28;378
2018-10-29;386
2018-10-30;386
2018-10-31;387
2018-11-01;381
2018-11-02;379
2018-11-03;377
2018-11-04;372
2018-11-05;364
2018-11-06;366
2018-11-07;365
2018-11-08;367
2018-11-09;365
2018-11-10;364
2018-11-11;379
2018-11-12;362
2018-11-13;363
2018-11-14;367
2018-11-15;368
2018-11-16;369
2018-11-17;365
2018-11-18;366
2018-11-19;368
2018-11-20;368
2018-11-21;369
2018-11-22;361
2018-11-23;353
2018-11-24;366
2018-11-25;368
2018-11-26;358
2018-11-27;363
2018-11-28;365
2018-11-29;361
2018-11-30;366
2018-12-01;376
2018-12-02;396
2018-12-03;431
2018-12-04;520
2018-12-05;535
2018-12-06;528
2018-12-07;525
2018-12-08;524
2018-12-09;525
2018-12-10;526
2018-12-11;525
2018-12-12;529
2018-12-13;535
2018-12-14;536
2018-12-15;538
2018-12-16;541
2018-12-17;537
2018-12-18;534
2018-12-19;534
2018-12-20;530
2018-12-21;525
2018-12-22;533
2018-12-23;529
2018-12-24;524
2018-12-25;524
2018-12-26;526
2018-12-27;524
2018-12-28;523
2018-12-29;527
2018-12-30;526
2018-12-31;528
2019-01-01;525
2019-01-02;527
2019-01-03;523
2019-01-04;516
2019-01-05;516
2019-01-06;519
2019-01-07;523
2019-01-08;526
2019-01-09;527
2019-01-10;526
2019-01-11;525
2019-01-12;523
2019-01-13;520
2019-01-14;516
2019-01-15;522
2019-01-16;522
2019-01-17;508
2019-01-18;522
2019-01-19;533
2019-01-20;524
2019-01-21;515
2019-01-22;520
2019-01-23;522
2019-01-24;507
2019-01-25;507
2019-01-26;505
2019-01-27;506
2019-01-28;505
2019-01-29;507
2019-01-30;522
2019-01-31;521
2019-02-01;508
2019-02-02;498
2019-02-03;503
2019-02-04;507
2019-02-05;508
2019-02-06;509
2019-02-07;501
2019-02-08;513
2019-02-09;522
2019-02-10;523
2019-02-11;510
2019-02-12;492
2019-02-13;496
2019-02-14;502
2019-02-15;503
2019-02-16;503
2019-02-17;503
2019-02-18;498
2019-02-19;496
2019-02-20;498
2019-02-21;501
2019-02-22;501
2019-02-23;502
2019-02-24;503
2019-02-25;503
2019-02-26;507
2019-02-27;502
2019-02-28;502
2019-03-01;503
2019-03-02;504
2019-03-03;501
2019-03-04;503
2019-03-05;503
2019-03-06;505
2019-03-07;521
2019-03-08;523
2019-03-09;520
2019-03-10;515
2019-03-11;494
2019-03-12;476
2019-03-13;472
2019-03-14;432
2019-03-15;404
2019-03-16;375
2019-03-17;372
2019-03-18;368
2019-03-19;356
2019-03-20;363
2019-03-21;357
2019-03-22;358
2019-03-23;355
2019-03-24;357
2019-03-25;354
2019-03-26;366
2019-03-27;363
2019-03-28;363
2019-03-29;361
2019-03-30;354
2019-03-31;355
2019-04-01;359
2019-04-02;360
2019-04-03;352
2019-04-04;358
2019-04-05;362
2019-04-06;368
2019-04-07;365
2019-04-08;364
2019-04-09;368
2019-04-10;368
2019-04-11;369
2019-04-12;369
2019-04-13;361
2019-04-14;353
2019-04-15;354
2019-04-16;352
2019-04-17;366
2019-04-18;365
2019-04-19;357
2019-04-20;370
2019-04-21;376
2019-04-22;366
2019-04-23;377
2019-04-24;376
2019-04-25;368
2019-04-26;363
2019-04-27;365
2019-04-28;369
2019-04-29;377
2019-04-30;380
2019-05-01;385
2019-05-02;387
2019-05-03;396
2019-05-04;396
2019-05-05;381
2019-05-06;386
2019-05-07;382
2019-05-08;382
2019-05-09;383
2019-05-10;383
2019-05-11;376
2019-05-12;379
2019-05-13;379
2019-05-14;384
2019-05-15;404
2019-05-16;407
2019-05-17;404
2019-05-18;403
2019-05-19;411
2019-05-20;415
2019-05-21;437
2019-05-22;427
2019-05-23;421
2019-05-24;422
2019-05-25;416
2019-05-26;414
2019-05-27;409
2019-05-28;410
2019-05-29;413
2019-05-30;398
2019-05-31;386
2019-06-01;390
2019-06-02;380
2019-06-03;380
2019-06-04;387
2019-06-05;387
2019-06-06;380
2019-06-07;379
2019-06-08;380
2019-06-09;376
2019-06-10;381
2019-06-11;381
2019-06-12;375
2019-06-13;382
2019-06-14;385
2019-06-15;392
2019-06-16;385
2019-06-17;390
2019-06-18;379
2019-06-19;386
2019-06-20;383
2019-06-21;376
2019-06-22;368
2019-06-23;370
2019-06-24;373
2019-06-25;383
2019-06-26;385
2019-06-27;382
2019-06-28;382
2019-06-29;385
2019-06-30;375
2019-07-01;376
2019-07-02;373
2019-07-03;370
2019-07-04;373
2019-07-05;366
2019-07-06;367
2019-07-07;374
2019-07-08;373
2019-07-09;374
2019-07-10;377
2019-07-11;369
2019-07-12;368
2019-07-13;369
2019-07-14;364
2019-07-15;368
2019-07-16;379
2019-07-17;381
2019-07-18;388
2019-07-19;393
2019-07-20;409
2019-07-21;422
2019-07-22;449
2019-07-23;582
2019-07-24;674
2019-07-25;693
2019-07-26;637
2019-07-27;590
2019-07-28;564
2019-07-29;544
2019-07-30;505
2019-07-31;463
2019-08-01;453
2019-08-02;450
2019-08-03;436
2019-08-04;430
2019-08-05;419
2019-08-06;415
2019-08-07;409
2019-08-08;401
2019-08-09;402
2019-08-10;394
2019-08-11;388
2019-08-12;379
2019-08-13;381
2019-08-14;380
2019-08-15;380
2019-08-16;382
2019-08-17;383
2019-08-18;383
2019-08-19;377
2019-08-20;385
2019-08-21;384
2019-08-22;385
2019-08-23;381
2019-08-24;382
2019-08-25;375
2019-08-26;376
2019-08-27;378
2019-08-28;384
2019-08-29;373
2019-08-30;372
2019-08-31;373
2019-09-01;367
2019-09-02;372
2019-09-03;370
2019-09-04;380
2019-09-05;374
2019-09-06;383
2019-09-07;368
2019-09-08;372
2019-09-09;374
2019-09-10;374
2019-09-11;383
2019-09-12;423
2019-09-13;421
2019-09-14;415
2019-09-15;408
2019-09-16;414
2019-09-17;416
2019-09-18;424
2019-09-19;415
2019-09-20;414
2019-09-21;427
2019-09-22;431
2019-09-23;427
2019-09-24;421
2019-09-25;442
2019-09-26;450
2019-09-27;453
2019-09-28;442
2019-09-29;444
2019-09-30;444
2019-10-01;447
2019-10-02;444
2019-10-03;444
2019-10-04;437
2019-10-05;430
2019-10-06;436
2019-10-07;440
2019-10-08;438
2019-10-09;438
2019-10-10;442
2019-10-11;433
2019-10-12;439
2019-10-13;433
2019-10-14;440
2019-10-15;440
2019-10-16;438
2019-10-17;433
2019-10-18;436
2019-10-19;437
2019-10-20;436
2019-10-21;436
2019-10-22;433
2019-10-23;430
2019-10-24;430
2019-10-25;436
2019-10-26;430
2019-10-27;437
2019-10-28;437
2019-10-29;439
2019-10-30;437
2019-10-31;432
2019-11-01;415
2019-11-02;398
2019-11-03;394
2019-11-04;391
2019-11-05;404
2019-11-06;406
2019-11-07;404
2019-11-08;404
2019-11-09;406
2019-11-10;396
2019-11-11;389
2019-11-12;392
2019-11-13;395
2019-11-14;384
2019-11-15;393
2019-11-16;399
2019-11-17;405
2019-11-18;398
2019-11-19;403
2019-11-20;401
2019-11-21;406
2019-11-22;409
2019-11-23;414
2019-11-24;396
2019-11-25;397
2019-11-26;401
2019-11-27;413
2019-11-28;412
2019-11-29;419
2019-11-30;418
2019-12-01;431
2019-12-02;439
2019-12-03;477
2019-12-04;561
2019-12-05;603
2019-12-06;606
2019-12-07;598
2019-12-08;600
2019-12-09;597
2019-12-10;594
2019-12-11;605
2019-12-12;607
2019-12-13;601
2019-12-14;592
2019-12-15;584
2019-12-16;588
2019-12-17;583
2019-12-18;567
2019-12-19;567
2019-12-20;566
2019-12-21;566
2019-12-22;563
2019-12-23;560
2019-12-24;570
2019-12-25;577
2019-12-26;575
2019-12-27;579
2019-12-28;583
2019-12-29;579
2019-12-30;572
2019-12-31;571
2020-01-04;566
2020-01-09;564
2020-01-14;560
2020-01-19;561
2020-01-30;569
2020-02-04;569
2020-02-09;567
2020-02-19;568
2020-02-24;568
2020-03-04;570
2020-03-09;562
2020-03-19;499
2020-03-24;409
2020-03-25;394
2020-03-26;402
2020-03-29;394
2020-03-30;400
2020-03-31;390
2020-04-01;380
2020-04-02;381
2020-04-03;376
2020-04-04;379
2020-04-05;392
2020-04-06;377
2020-04-07;380
2020-04-08;375
2020-04-09;385
2020-04-10;385
2020-04-11;395
2020-04-12;397
2020-04-13;394
2020-04-14;387
2020-04-15;395
2020-04-16;409
2020-04-17;415
2020-04-18;396
2020-04-19;393
2020-04-20;408
2020-04-21;405
2020-04-22;389
2020-04-23;384
2020-04-24;382
2020-04-25;374
2020-04-26;371
2020-04-27;369
2020-04-28;370
2020-04-29;372
2020-04-30;388
2020-05-01;386
2020-05-02;401
2020-05-03;402
2020-05-04;400
2020-05-05;392
2020-05-06;378
2020-05-07;380
2020-05-08;374
2020-05-09;387
2020-05-10;364
2020-05-11;366
2020-05-12;368
2020-05-13;389
2020-05-14;381
2020-05-15;374
2020-05-16;398
2020-05-17;408
2020-05-18;419
2020-05-19;419
2020-05-20;413
2020-05-21;416
2020-05-22;444
2020-05-23;443
2020-05-24;421
2020-05-25;409
2020-05-26;423
2020-05-27;405
2020-05-28;403
2020-05-29;401
2020-05-30;385
2020-05-31;392
2020-06-01;411
2020-06-02;413
2020-06-03;410
2020-06-04;409
2020-06-05;414
2020-06-06;393
2020-06-07;386
2020-06-08;400
2020-06-09;398
2020-06-10;410
2020-06-11;436
2020-06-12;437
2020-06-13;434
2020-06-14;406
2020-06-15;408
2020-06-16;431
2020-06-17;420
2020-06-18;430
2020-06-19;394
2020-06-20;419
2020-06-21;444
2020-06-22;551
2020-06-23;598
2020-06-24;544
2020-06-25;501
2020-06-26;459
2020-06-27;459
2020-06-28;435
2020-06-29;415
2020-06-30;412
2020-07-01;402
2020-07-02;395
2020-07-03;399
2020-07-04;398
2020-07-05;404
2020-07-06;399
2020-07-07;393
2020-07-08;387
2020-07-09;393
2020-07-10;392
2020-07-11;393
2020-07-12;386
2020-07-13;382
2020-07-14;384
2020-07-15;390
2020-07-16;402
2020-07-17;399
2020-07-18;391
2020-07-19;406
2020-07-20;432
2020-07-21;420
2020-07-22;433
2020-07-23;452
2020-07-24;447
2020-07-25;435
2020-07-26;453
2020-07-27;453
2020-07-28;442
2020-07-29;425
2020-07-30;427
2020-07-31;422
2020-08-01;407
2020-08-02;402
2020-08-03;406
2020-08-04;406
2020-08-05;404
2020-08-06;398
2020-08-07;400
2020-08-08;394
2020-08-09;395
2020-08-10;402
2020-08-11;430
2020-08-12;467
2020-08-13;474
2020-08-14;451
2020-08-15;468
2020-08-16;469
2020-08-17;478
2020-08-18;467
2020-08-19;452
2020-08-20;444
2020-08-21;429
2020-08-22;425
2020-08-23;425
2020-08-24;416
2020-08-25;424
2020-08-26;488
2020-08-27;576
2020-08-28;613
2020-08-29;586
2020-08-30;507
2020-08-31;497
2020-09-01;472
2020-09-02;495
2020-09-03;553
2020-09-04;529
2020-09-05;518
2020-09-06;529
2020-09-07;550
2020-09-08;546
2020-09-09;523
2020-09-10;489
2020-09-11;474
2020-09-12;455
2020-09-13;429
2020-09-14;432
2020-09-15;431
2020-09-16;415
2020-09-17;420
2020-09-18;406
2020-09-19;417
2020-09-20;417
2020-09-21;404
2020-09-22;406
2020-09-23;407
2020-09-24;416
2020-09-25;409
2020-09-26;419
2020-09-27;448
2020-09-28;465
2020-09-29;485
2020-09-30;477
2020-10-01;474
2020-10-02;461
2020-10-03;447
2020-10-04;439
2020-10-05;442
2020-10-06;433
2020-10-07;430
2020-10-08;424
2020-10-09;422
2020-10-10;419
2020-10-11;420
2020-10-12;425
2020-10-13;430
2020-10-14;424
2020-10-15;422
2020-10-16;421
2020-10-17;424
2020-10-18;401
2020-10-19;404
2020-10-20;403
2020-10-21;401
2020-10-22;397
2020-10-23;404
2020-10-24;398
2020-10-25;398
2020-10-26;411
2020-10-27;408
2020-10-28;413
2020-10-29;424
2020-10-30;405
2020-10-31;405
2020-11-01;419
2020-11-02;412
2020-11-03;407
2020-11-04;406
2020-11-05;417
2020-11-06;417
2020-11-08;407
2020-11-09;420
2020-11-10;409
2020-11-11;411
2020-11-12;412
2020-11-13;412
2020-11-15;400
2020-11-16;402
2020-11-17;412
2020-11-18;409
2020-11-19;410
2020-11-20;410
2020-11-22;412
2020-11-23;406
2020-11-24;406
2020-11-25;404
2020-11-26;407
2020-11-27;407
2020-11-29;414
2020-11-30;414
2020-12-09;419
2020-12-14;592
2020-12-24;666
2020-12-30;619
2021-01-04;626
2021-01-14;611
2021-01-19;588
2021-01-24;591
2021-02-04;584
2021-02-09;586
2021-02-14;589
2021-02-19;587
2021-02-24;576
2021-03-04;569
2021-03-09;564
2021-03-14;568
2021-03-22;552
2021-03-24;542
2021-03-25;541
2021-03-26;541
2021-03-28;547
2021-03-29;551
2021-03-30;551
2021-03-31;554
2021-04-01;548
2021-04-02;548
2021-04-04;481
2021-04-05;409
2021-04-06;399
2021-04-07;401
2021-04-08;397
2021-04-09;397
2021-04-11;396
2021-04-12;398
2021-04-13;405
2021-04-14;406
2021-04-15;408
2021-04-16;408
2021-04-18;422
2021-04-19;417
2021-04-20;415
2021-04-21;418
2021-04-22;421
2021-04-23;424
2021-04-24;431
2021-04-25;433
2021-04-26;428
2021-04-27;439
2021-04-28;443
2021-04-29;452
2021-04-30;453
2021-05-01;610
2021-05-02;565
2021-05-03;489
2021-05-04;483
2021-05-05;539
2021-05-06;564
2021-05-07;581
2021-05-08;549
2021-05-09;510
2021-05-10;468
2021-05-11;461
2021-05-12;450
2021-05-13;451
2021-05-14;467
2021-05-15;504
2021-05-16;578
2021-05-17;589
2021-05-18;559
2021-05-19;519
2021-05-20;510
2021-05-21;491
2021-05-22;481
2021-05-23;476
2021-05-24;504
2021-05-25;536
2021-05-26;611
2021-05-27;639
2021-05-28;609
2021-05-29;554
2021-05-30;541
2021-05-31;533
2021-06-01;516
2021-06-02;514
2021-06-03;451
2021-06-04;452
2021-06-05;433
2021-06-06;422
2021-06-07;450
2021-06-08;477
2021-06-09;479
2021-06-10;483
2021-06-11;485
2021-06-12;499
2021-06-13;505
2021-06-14;506
2021-06-15;509
2021-06-16;616
2021-06-17;713
2021-06-18;737
2021-06-19;811
2021-06-20;781
2021-06-21;721
2021-06-22;641
2021-06-23;576
2021-06-24;559
2021-06-25;549
2021-06-26;540
2021-06-27;524
2021-06-28;526
2021-06-29;526
2021-06-30;519
2021-07-01;533
2021-07-02;534
2021-07-03;522
2021-07-04;523
2021-07-05;522
2021-07-06;519
2021-07-07;518
2021-07-08;518
2021-07-09;515
2021-07-10;524
2021-07-11;515
2021-07-12;517
2021-07-13;531
2021-07-14;532
2021-07-15;534
2021-07-16;539
2021-07-17;574
2021-07-18;571
2021-07-19;556
2021-07-20;550
2021-07-21;580
2021-07-22;571
2021-07-23;557
2021-07-24;550
2021-07-25;586
2021-07-26;613
2021-07-27;608
2021-07-28;588
2021-07-29;569
2021-07-30;554
2021-07-31;709
2021-08-01;756
2021-08-02;777
2021-08-03;803
2021-08-04;797
2021-08-05;780
2021-08-06;763
2021-08-07;768
2021-08-08;775
2021-08-09;776
2021-08-10;769
2021-08-11;758
2021-08-12;750
2021-08-13;745
2021-08-14;737
2021-08-15;730
2021-08-16;717
2021-08-17;717
2021-08-18;721
2021-08-19;723
2021-08-20;725
2021-08-21;726
2021-08-22;770
2021-08-23;821
2021-08-24;843
2021-08-25;866
2021-08-26;890
2021-08-27;899
2021-08-28;868
2021-08-29;830
2021-08-30;810
2021-08-31;801
2021-09-01;758
2021-09-02;731
2021-09-03;722
2021-09-04;707
2021-09-05;700
2021-09-06;701
2021-09-07;708
2021-09-08;715
2021-09-09;727
2021-09-10;749
2021-09-11;731
2021-09-12;740
2021-09-13;759
2021-09-14;747
2021-09-15;739
2021-09-16;736
2021-09-17;732
2021-09-18;729
2021-09-19;730
2021-09-20;725
2021-09-21;724
2021-09-22;725
2021-09-23;709
2021-09-24;706
2021-09-25;705
2021-09-26;705
2021-09-27;709
2021-09-28;727
2021-09-29;712
2021-10-01;626
2021-10-02;637
2021-10-03;631
2021-10-04;619
2021-10-05;601
2021-10-06;619
2021-10-07;611
2021-10-08;629
2021-10-09;583
2021-10-10;535
2021-10-11;538
2021-10-12;504
2021-10-13;504
2021-10-14;500
2021-10-15;497
2021-10-16;492
2021-10-17;496
2021-10-18;498
2021-10-19;488
2021-10-21;480
2021-10-22;477
2021-10-23;479
2021-10-24;487
2021-10-25;490
2021-10-26;482
2021-10-27;478
2021-10-28;470
2021-10-29;478
2021-10-30;459
2021-10-31;474
2021-11-01;468
2021-11-02;470
2021-11-03;471
2021-11-05;462
2021-11-08;463
2021-11-09;478
2021-11-10;428
2021-11-11;429
2021-11-12;429
2021-11-14;484
2021-11-15;469
2021-11-16;472
2021-11-17;466
2021-11-18;468
2021-11-19;468
2021-11-21;478
2021-11-22;486
2021-11-23;473
2021-11-24;478
2021-11-25;464
2021-11-26;464
2021-11-28;495
2021-11-29;492
2021-11-30;501
